/*!40101 SET @OLD_CHARACTER_SET_CLIENT=@@CHARACTER_SET_CLIENT */;
/*!40101 SET NAMES utf8 */;
/*!50503 SET NAMES utf8mb4 */;
/*!40103 SET @OLD_TIME_ZONE=@@TIME_ZONE */;
/*!40103 SET TIME_ZONE='+00:00' */;
/*!40014 SET @OLD_FOREIGN_KEY_CHECKS=@@FOREIGN_KEY_CHECKS, FOREIGN_KEY_CHECKS=0 */;
/*!40101 SET @OLD_SQL_MODE=@@SQL_MODE, SQL_MODE='NO_AUTO_VALUE_ON_ZERO' */;
/*!40111 SET @OLD_SQL_NOTES=@@SQL_NOTES, SQL_NOTES=0 */;

CREATE DATABASE IF NOT EXISTS `db_greenresidences` /*!40100 DEFAULT CHARACTER SET utf8mb4 COLLATE utf8mb4_general_ci */;
USE `db_greenresidences`;

CREATE TABLE IF NOT EXISTS `admin` (
  `id` int(11) NOT NULL AUTO_INCREMENT,
  `password` varchar(50) NOT NULL,
  `email` varchar(50) NOT NULL,
  PRIMARY KEY (`id`)
) ENGINE=InnoDB AUTO_INCREMENT=4 DEFAULT CHARSET=utf8mb4 COLLATE=utf8mb4_general_ci;

INSERT INTO `admin` (`id`, `password`, `email`) VALUES
	(1, '123', 'admin.taft@greenresidences.ph'),
	(2, '123', 'finance@greenresidences.ph'),
	(3, '123', 'leasing@greenresidences.ph');

CREATE TABLE IF NOT EXISTS `amenity` (
  `id` int(11) NOT NULL AUTO_INCREMENT,
  `name` varchar(100) NOT NULL,
  PRIMARY KEY (`id`) USING BTREE
) ENGINE=InnoDB AUTO_INCREMENT=11 DEFAULT CHARSET=utf8mb4 COLLATE=utf8mb4_general_ci;

INSERT INTO `amenity` (`id`, `name`) VALUES
	(1, 'Swimming Pool'),
	(2, 'Study Lounge'),
	(3, 'High-Speed WiFi'),
	(4, '24/7 Security & CCTV'),
	(5, 'Fitness Gym'),
	(6, 'Basement Parking'),
	(7, 'Pet-Friendly'),
	(8, 'Balcony'),
	(9, 'Concierge Service'),
	(10, 'Laundry Service');

CREATE TABLE IF NOT EXISTS `booking` (
  `id` int(11) NOT NULL AUTO_INCREMENT,
  `Uid` int(11) NOT NULL,
  `guestName` varchar(150) DEFAULT NULL,
  `guestEmail` varchar(150) DEFAULT NULL,
  `guestPhone` varchar(50) DEFAULT NULL,
  `bookingDatetime` datetime DEFAULT NULL,
  `status` varchar(50) DEFAULT NULL,
  `notes` text DEFAULT NULL,
  `cancelReason` text DEFAULT NULL,
  PRIMARY KEY (`id`)
) ENGINE=InnoDB AUTO_INCREMENT=4 DEFAULT CHARSET=utf8mb4 COLLATE=utf8mb4_general_ci;

INSERT INTO `booking` (`id`, `Uid`, `guestName`, `guestEmail`, `guestPhone`, `bookingDatetime`, `status`, `notes`, `cancelReason`) VALUES
	(1, 4, 'Camille Reyes', 'creyes.design@gmail.com', '0927-111-2233', '2026-05-12 14:00:00', 'Confirmed', 'Looking to move in next month. Please ensure the smart TV is working during the viewing.', NULL),
	(2, 5, 'Jonathan Sy', 'jsy_business@outlook.com', '0917-888-9900', '2026-05-10 10:00:00', 'Cancelled', 'Is parking included in the 24k rent?', 'Found another property closer to office in BGC.'),
	(3, 4, 'Andrea Lim', 'andrea.lim99@yahoo.com', '0922-333-4455', '2026-05-15 16:30:00', 'Pending', 'DLSU student here, currently comparing options around Taft.', NULL);

CREATE TABLE IF NOT EXISTS `busy_schedule` (
  `id` int(11) NOT NULL AUTO_INCREMENT,
  `busyDate` datetime NOT NULL,
  PRIMARY KEY (`id`)
) ENGINE=InnoDB AUTO_INCREMENT=35 DEFAULT CHARSET=utf8mb4 COLLATE=utf8mb4_general_ci;

INSERT INTO `busy_schedule` (`id`, `busyDate`) VALUES
	(32, '2026-05-01 00:00:00'),
	(33, '2026-05-09 13:00:00'),
	(34, '2026-05-14 10:00:00');

CREATE TABLE IF NOT EXISTS `co_occupant` (
  `id` int(11) NOT NULL AUTO_INCREMENT,
  `Tid` int(11) DEFAULT NULL,
  `name` varchar(150) NOT NULL,
  `phone` varchar(50) DEFAULT NULL,
  `address` varchar(255) DEFAULT NULL,
  PRIMARY KEY (`id`) USING BTREE
) ENGINE=InnoDB AUTO_INCREMENT=15 DEFAULT CHARSET=utf8mb4 COLLATE=utf8mb4_general_ci;

INSERT INTO `co_occupant` (`id`, `Tid`, `name`, `phone`, `address`) VALUES
	(12, 2, 'Paolo Geronimo', '0918-222-3004', 'Block 4 Lot 2, BF Homes, Paranaque City'),
	(13, 2, 'Grace Geronimo', '0918-222-3005', 'Block 4 Lot 2, BF Homes, Paranaque City');

DELIMITER //
CREATE EVENT `GenerateMonthlyRent` ON SCHEDULE EVERY 1 MONTH STARTS '2026-06-01 00:00:00' ON COMPLETION NOT PRESERVE ENABLE DO BEGIN
    INSERT INTO payment (Tid, Uid, amount, dueDate, billingPeriod)
    SELECT 
        t.Tid, t.unitId, u.price, 
        DATE_ADD(CURRENT_DATE(), INTERVAL 5 DAY), 
        DATE_FORMAT(CURRENT_DATE(), '%M %Y') 
    FROM tenant t
    JOIN unit u ON t.unitId = u.Uid
    WHERE t.status = 'Active'; 
END//
DELIMITER ;

CREATE TABLE IF NOT EXISTS `maintenance_request` (
  `id` int(11) NOT NULL AUTO_INCREMENT,
  `Uid` int(11) DEFAULT NULL,
  `Tid` int(11) DEFAULT NULL,
  `category` varchar(100) DEFAULT NULL,
  `description` text DEFAULT NULL,
  `status` varchar(50) DEFAULT NULL,
  `priority` varchar(50) DEFAULT NULL,
  `reportedDate` datetime DEFAULT NULL,
  `resolvedDate` datetime DEFAULT NULL,
  PRIMARY KEY (`id`) USING BTREE
) ENGINE=InnoDB AUTO_INCREMENT=16 DEFAULT CHARSET=utf8mb4 COLLATE=utf8mb4_general_ci;

INSERT INTO `maintenance_request` (`id`, `Uid`, `Tid`, `category`, `description`, `status`, `priority`, `reportedDate`, `resolvedDate`) VALUES
	(13, 1, 1, 'Plumbing', 'The shower heater is leaking water from the bottom valve even when turned off.', 'Resolved', 'High', '2026-02-20 08:30:00', '2026-02-21 14:00:00'),
	(14, 3, 2, 'Air Conditioning', 'The split-type AC in the master bedroom is blowing warm air. Might need cleaning or freon refill.', 'In Progress', 'Medium', '2026-05-06 10:15:00', NULL),
	(15, 2, 3, 'Electrical', 'Busted lightbulb fixture in the kitchen area. Needs replacement of the actual socket.', 'Pending', 'Low', '2026-05-08 09:00:00', NULL);

CREATE TABLE IF NOT EXISTS `occupancy_type` (
  `occupancyTypeId` int(11) NOT NULL AUTO_INCREMENT,
  `occupancyType` varchar(50) DEFAULT NULL,
  PRIMARY KEY (`occupancyTypeId`)
) ENGINE=InnoDB AUTO_INCREMENT=3 DEFAULT CHARSET=utf8mb4 COLLATE=utf8mb4_general_ci;

INSERT INTO `occupancy_type` (`occupancyTypeId`, `occupancyType`) VALUES
	(1, 'Solo'),
	(2, 'Co-occupants');

CREATE TABLE IF NOT EXISTS `payment` (
  `id` int(11) NOT NULL AUTO_INCREMENT,
  `Tid` int(11) DEFAULT NULL,
  `Uid` int(11) DEFAULT NULL,
  `amount` decimal(10,2) NOT NULL,
  `dueDate` date DEFAULT NULL,
  `paidDate` date DEFAULT NULL,
  `billingPeriod` varchar(100) DEFAULT NULL,
  PRIMARY KEY (`id`) USING BTREE
) ENGINE=InnoDB AUTO_INCREMENT=25 DEFAULT CHARSET=utf8mb4 COLLATE=utf8mb4_general_ci;

INSERT INTO `payment` (`id`, `Tid`, `Uid`, `amount`, `dueDate`, `paidDate`, `billingPeriod`) VALUES
	(14, 1, 1, 16500.00, '2026-02-15', '2026-02-14', 'February 2026'),
	(15, 1, 1, 16500.00, '2026-03-15', '2026-03-16', 'March 2026'),
	(16, 1, 1, 16500.00, '2026-04-15', '2026-04-12', 'April 2026'),
	(17, 2, 3, 35000.00, '2026-04-01', '2026-03-28', 'April 2026'),
	(18, 2, 3, 35000.00, '2026-05-01', '2026-05-09', 'May 2026'),
	(19, 3, 2, 22000.00, '2026-05-10', '2026-05-09', 'May 2026'),
	(20, 2, 3, 35000.00, '2026-06-01', '2026-05-09', 'June 2026'),
	(21, 2, 3, 35000.00, '2026-07-01', '2026-05-09', 'July 2026'),
	(22, 19, 4, 17000.00, '2026-05-09', '2026-05-09', 'May 2026'),
	(23, 20, 5, 24000.00, '2026-05-09', '2026-05-09', 'May 2026'),
	(24, 21, 5, 24000.00, '2026-05-09', '2026-05-09', 'May 2026');

CREATE TABLE IF NOT EXISTS `sms_log` (
  `id` int(11) NOT NULL AUTO_INCREMENT,
  `Tid` int(11) NOT NULL,
  `message` varchar(500) DEFAULT NULL,
  `type` varchar(50) DEFAULT NULL,
  `status` varchar(20) DEFAULT NULL,
  `sentAt` datetime DEFAULT NULL,
  PRIMARY KEY (`id`)
) ENGINE=InnoDB DEFAULT CHARSET=utf8mb4 COLLATE=utf8mb4_general_ci;


CREATE TABLE IF NOT EXISTS `tenant` (
  `Tid` int(11) NOT NULL AUTO_INCREMENT,
  `tenantNumber` varchar(50) DEFAULT NULL,
  `unitId` int(11) DEFAULT NULL,
  `name` varchar(150) NOT NULL,
  `email` varchar(150) DEFAULT NULL,
  `phone` varchar(50) DEFAULT NULL,
  `leaseStart` date DEFAULT NULL,
  `leaseEnd` date DEFAULT NULL,
  `status` varchar(50) DEFAULT NULL,
  `address` varchar(255) DEFAULT NULL,
  `occupation` varchar(100) DEFAULT NULL,
  `passwordHash` varchar(255) DEFAULT NULL,
  `occupancyTypeId` int(11) DEFAULT NULL,
  `isTerminated` tinyint(1) DEFAULT NULL,
  PRIMARY KEY (`Tid`) USING BTREE
) ENGINE=InnoDB AUTO_INCREMENT=22 DEFAULT CHARSET=utf8mb4 COLLATE=utf8mb4_general_ci;

INSERT INTO `tenant` (`Tid`, `tenantNumber`, `unitId`, `name`, `email`, `phone`, `leaseStart`, `leaseEnd`, `status`, `address`, `occupation`, `passwordHash`, `occupancyTypeId`, `isTerminated`) VALUES
	(1, 'T-2026-0001', 1, 'Mark Bautista', 'mbautista.dlsu@gmail.com', '0917-555-1001', '2026-01-15', '2027-01-15', 'Active', '1520 San Andres St., Malate, Manila', 'University Student', 'hash123', 1, 0),
	(2, 'T-2026-0002', 3, 'Sarah Geronimo', 'sarah.g@company.com.ph', '0918-222-3002', '2026-03-01', '2027-03-01', 'Active', 'Block 4 Lot 2, BF Homes, Paranaque City', 'Marketing Manager', 'hash123', 2, 0),
	(19, 'T-202605090253', 4, 'dadad', 'alex@example.com', '22', '2026-01-10', '2026-05-18', 'Active', 'cz', 'zczc', '123', 1, 0),
	(21, 'T-202605090436', 5, 'vdv', 'migztan66@gmail.com', '09272413924', '2026-05-21', '2026-08-25', 'Active', '1269H Lardizabal St. Sampaloc Manila', NULL, '123', 1, 0);

CREATE TABLE IF NOT EXISTS `tenant_document` (
  `id` int(11) NOT NULL AUTO_INCREMENT,
  `Tid` int(11) DEFAULT NULL,
  `fileName` varchar(255) DEFAULT NULL,
  `fileType` varchar(50) DEFAULT NULL,
  `fileUrl` text DEFAULT NULL,
  PRIMARY KEY (`id`) USING BTREE
) ENGINE=InnoDB AUTO_INCREMENT=20 DEFAULT CHARSET=utf8mb4 COLLATE=utf8mb4_general_ci;

INSERT INTO `tenant_document` (`id`, `Tid`, `fileName`, `fileType`, `fileUrl`) VALUES
	(10, 1, 'Bautista_ValidID.pdf', 'Identification', '/uploads/docs/Bautista_ValidID.pdf'),
	(11, 1, 'Bautista_LeaseContract.pdf', 'Contract', '/uploads/docs/Bautista_LeaseContract.pdf'),
	(12, 2, 'Geronimo_ProofOfIncome.pdf', 'Financial', '/uploads/docs/Geronimo_ProofOfIncome.pdf'),
	(14, 19, '15fcd162-358a-4cb8-8b51-16486f33b7ab.jpg', 'ID Document', 'data:image/jpeg;base64,/9j/4AAQSkZJRgABAQAAAQABAAD/2wCEAAUGBgsICwsLCwsNCwsLDQ4ODQ0ODg8NDg4ODQ8QEBARERAQEBAPExITDxARExQUExETFhYWExYVFRYZFhkWFhIBBQUFCgcKCAkJCAsICggLCgoJCQoKDAkKCQoJDA0LCgsLCgsNDAsLCAsLDAwMDQ0MDA0KCwoNDA0NDBMUExMTnP/CABEIBgAIAAMBIgACEQEDEQH/'),
	(15, 19, '267706ae-daf2-4f7b-84df-b8cd39d5be48.jpg', 'ID Document', 'data:image/jpeg;base64,/9j/4AAQSkZJRgABAQAAAQABAAD/2wCEAAUGBgsICwsLCwsNCwsLDQ4ODQ0ODg8NDg4ODQ8QEBARERAQEBAPExITDxARExQUExETFhYWExYVFRYZFhkWFhIBBQUFCgcKCAkJCAsICggLCgoJCQoKDAkKCQoJDA0LCgsLCgsNDAsLCAsLDAwMDQ0MDA0KCwoNDA0NDBMUExMTnP/CABEICAAGAAMBIgACEQEDEQH/'),
	(18, 21, '15fcd162-358a-4cb8-8b51-16486f33b7ab.jpg', 'ID Document', 'data:image/jpeg;base64,/9j/4AAQSkZJRgABAQAAAQABAAD/2wCEAAUGBgsICwsLCwsNCwsLDQ4ODQ0ODg8NDg4ODQ8QEBARERAQEBAPExITDxARExQUExETFhYWExYVFRYZFhkWFhIBBQUFCgcKCAkJCAsICggLCgoJCQoKDAkKCQoJDA0LCgsLCgsNDAsLCAsLDAwMDQ0MDA0KCwoNDA0NDBMUExMTnP/CABEIBgAIAAMBIgACEQEDEQH/xAEIAAADAQEBAQEAAAAAAAAAAAAAAQIDBAUGBwEBAQEBAQEAAAAAAAAAAAAAAAECAwQFEAACAQMCBAYBBAMBAQEAAwAAAQIDEBESIAQhMDEFExQyQEEiFTNCUCNRYHBDYSQ0UhEAAgIBAgQEAwcCBAQFAwUAAAECERADIBIhMDEEQEFREzJhBRQiUnGBkUKhBhUjUDNiscFDU2PR8BZy4SQ0gpKiEgABAgIGBwcDAwUAAgMAAAABABECYRASQEFQUSAhMDFgkaETYnBxgbHRAyLBMlLhQoCSovAEkCNyghMAAgEDAwIGAgMBAQEAAAAAAAERECExIEFRYXEwgZGhsfDB0UDh8VBgcP/aAAwDAQACEQMRAAAC4QGQAYmoDRNMBigANMGmAAMEAFvTChPSBOWMAYmNohgDAGBTaYADaYNAwBtMbTAAYmNoGJoNA2mAAwBgUADABpgADRTaaACtADAAAaaCYICgAAATBACGhACABMEwAAEwTAAIQMQ0ACiYIZCGgAENQJgmAgaoYCZAAAAAlaYAEIYIYAIBgJggBoAAAAEwQ0AMlgAIABAAmqABDQIAGgTBAAACYiCKWVdKLQrUBAAgBAAAAJoQCtNADATEMExQJlIATEDQNACYJiPNAyAYmCgNAAYgYAxOBotbQMBABRphpmy89KMnNA0FCYxMGmMTGAMAYmMTGAMTG0FCaMTBpg0DaYNAMAaYNFMAGmAA3LBoptAwBoBgA0DEwEWDQNAAIaAABACAEAAAAADENDTBDQDUCYIYqGgAACENAAoBImAgAAUAAAAIBoAFAAAGBCGgGgGhDBMQAAAAAAAgBMEACGJNU0AAhoABAAgACGqBogxGHVqTTLBAAAJoEwQ0ACpiAaAaExiaABAACYICAToBQAUCYIceWwgaBiYwAAGgG5Y0MGhWAjEwABpgDUaSbZmi5OpG5YwBiY2goTBgDQNoG0FCaMBWJowFYmjAG5YwBg6TQMAGgYAxA2imAMAGmDljEwAQAAAAKAAQACAAE0AAIAABoGmAJgAAAgAAAEMFAAoCGgACATABRNSAAAAAo0ADgBAwExDEKxMBMQ1AAAIAAEwBDBABSABMEAAhAAQ0AAIYCQwABApyDS99QKWogYk0AEAAhoAABADVAAhghiAgApAAIAAAQ0AJoYnCYL5gEgJjAAGAADQwABgADAGmDTAAABgAAaPOiTbFW5Y2mDTBpjExiYwBgDaaAA2mDQNpg0FCKoTGJgAMTAAGmAFDThidDQMTBoRidDQMQMQMQgACAAVrQAAggAAAAAVgAAAAACGoABDBAAACZAgUAAFAxAAAEAAAACGAoAMCAENANDEAAAAAgUAARIAACtYgASAmCABAAACBiAAABMVEmZHVd2Da1CWCYCABNAAqGpAAAFEME0JgJgCAAQNIYAJoE0NANAAEJmEvEBYwIGgYmMAAYJgNMAYCYNMBMYAAA0wAGmD356Cd8yWmo0FCYwBgDaCgBgIwBgDaBtCsBGDoAG0wAAAYFACMTGJgAMTBpgJ0ADAAEjBDBUxAAgAAAE0AAAUAQAAwAAAATAQAAIaACUABMEBAIGmlAAAgAEArBABI0CsAaAAAAgAAAAQAAIAAAAEAAAJRNIAUAgBDQDQAIGADkCJBdbqxtLUTTENACAaBMENKAoaABgkwAQACGCBDQxAAChoQ0ADQglbzwyi3qpeMDWQYAAwAaYAwAAGDFDABgAAwAAGAMAAdJhBpmVpFXGTTATG0xgA0xuWNpjExgDExuWMChpg0waYxAwAAGJ2DQMTBoGAMToAGIGAgBQAAACYIAAQAATpAAAAAAAAMQMAAATQAoaYqAAAQAASiYJoACBAACgEAAAABAArEDAAQMTEBAJiAAAAAQACGgAQAigAEAmgAYgJATtBMWc9CR0t6iYqAATAQAAIAAAAEwlQ0CGIABMBAAhoATSANUggTAAhKeRdcttYycYrtm6jmA3kYAADAABtMAAYA0wE4GmDTAAAYADE6GIYA0wTEbQtTF3EDTG0DaYNMYA2mDTBpg06GgbTAAbQMAYnQAgDAAABgUADAQaYAUNMAABDQWAAAAAACAFIYIaAAAAaAYAAAAApQBAEoAAIAIAFQAASgAhoAIAAQA0SsTATACBoGgGgAQAACBoFBAxJGhDSBoQ0AxAAAACAAYgSrN9lkaj1ACkBAAAAACAENAMEAAEACoAAQJoBMQAAAgACEME1zy64G0ZaolM+DpFuKBa75eSM7ZTGIGAAADABpg0wAGJgDgExgADAAYFA0NpgAAAAy3nQjXMTAYENpjE6bRDaYNMAKYA2mAMAAadDTQBgJgBTQwABoRgABTABosaAAAAQAACgAAKQxAAABDAAVDAAQAEwEwVACYQJioCEAAIAAAlAATUoCGIACAABCsTgAGIGIhoAEDEACGkACGJDQhiKaEMQAgZIUSFEsaMylXXYqVaiAAAAFQ1ANAAJiBNAwBDEBCYgTFE0ggAAQCgEIaAWMu2MERq9ZY13M3PzfWqFjuL5/TuRlTDxV9R5mnlFx1wAWAAAIA5Rpg0DaAYQAUMIYAAUwBgA0waYAADAAACtMmVN0ZgDBg0xgDaYwIGqpMBiYMAGAADCwaAApgDEDAQB0AxAUwEAAAACwAAAALACgAAEBoAAGgGCAAGIaABRMEMEBAAIBUNAmSoAAIBOBNKACAlAAQABA0A0KwUMENAAIAAEQAgEUIQAAIRiFASAhWgGkxpYlb3trLaqkDRAKAAAoBCGgAAAQAAAAIahAACGgBNADEmpQnGOjn5LzTZ7y5adDzVcuVMRUgAgESNJnoguHY870jU+Zn6Xzu/Lyy57c0NAAMBG5asFDaBgDABpjEwaYAAMAYAAwAGAAAwVyVvkaRmwGJjaYwYNMGMTTAGDAGAAUNNAAAKAYmCAOgAAKAaJpgBYAABQAgAAywAACkwAAAAAABEMEwAAABDFQAASoaAAQEqAEMhDSgECYqAhAABKgAAgAGgACAAENUAggEAAkAAgBNAIKAUNNAAIYISqO4qxsNRiYwSgEAAACYABKgAAEMEAAIAJRAgCAAQ5GgzVGxm+fHoYSjvqzc94WbakARVKUUs0aKFDSVNLI98c8OwmyEwnz/RWp8/H03B35eQXHbmAA0waBiYxOBgDTBgDTGAAMAAGADQAoGADEwgGjVZ6EupG01bTGANpgMBjEwAYACAFDAAKBoAdiYAAgBQMACgBACgHYgYmCAFACAFAwQwQwQwQwQCACgNENAAoBCGKgBDUoAIalQwQEIalABDISYqTIQ0ACphIAKAAAICBNAgBNAhDQUACBACAAAQwAhaB1FbzNpiaYNMaBQAAUAAAAAoIgAENA0AmgAUQQJiIJzR3WNSxZqpOVTUlqCLUqrM0XMhUoGpRRCKmZqlnB9QmvP2GmZpocUjVjM/P9E1PnI+l8/vy8ouevNDKTBBoG5Y2nKNMGmMAYFAAxOQYUMAABgAyAGIZT2wcM0kTTWhUDGDTkGO0ABggMEMACgZSGCAQGUAWIYAFgADChMsAAYIJlIZYmAAWAAAIA6TAQyEMEDEMENAAqGgAlEwQEomgTJUNSgEIaVDIQ1AmCVEsjQJghkCGqABNAmCAEmCTQJpBNKACVIQOkAATDzOuyOgvWUqVqDijuMrKYAANAomQgYgAAARKJgIAAAQAKGhZrQZqtGNMgltSFEkNJU0pGpCiAYkVKQ1IVOWZpCITGfUprj2GnUzcQRSNnnZIAAE+f6JqfOz9FwduXmFz25oZYADExtOBpg01GFgAMAYAwAAGDAAYANMEwNMyNZNSBMppq2qBjEMExyJjpDBDKQwQykMQApDLEMEMsQygBAChggBQAgBQMsQwALAAGAAIDCRgAAmUhqUTBDSiZCAgAVDJUAIZKgJUMhAQhkqAENSoaEwENQACAUTQJoE0CBBAIABoQ0AAmFIcEp9pOhW8ql5Z1dHzPTnV8nP1S+r34bXNA6Q0MAEOWRgIABAAoCgABNAOYELGgaxWhZ1SSGSQyQZKKUqqUg0SMQCJGs8l1iXBUgxpBgfUCfHsmijPXOEhhcMoAc0CQhtAvP9Janz0/Red35eaNdubctG5oYA2mMTAAYAxMGANMGmDTAGAMAAGQqCtojSFQi6ixg5RjENiGCGUhiIpCGUhliGhDLEMsQykMpDEAdIYiGUmFgDpMEALAAALAAYAA0SYIGIYIBQAQ1KhoAJUMEMlSpSoZKkyVDISZCAlAFE1CGhDQJgk1ACUGhAgAECQABMENAAIYIeYGvRqKx6gmqMNyPO8z6Tzs1c/qZHUx0ACYADEmoAStACaBMUAhAAKM2oh89US81pEohAIGkhpAyQogKUyWs5XVYQbZKyVThDACiaBAHX0rRw7AATUkqkGmW5KaGJim4BqgTkY0T4H0Hz/TGb8Xt9XDucVZTljaY2gYANMGmDTBoGANoKMtYGFAMGmDAFQVeRF0g0rO5aaqE2CbZJQSUVJQSUrJKVSMsQ5sALAaoAoaaAFDFYMKAEALAHSGIJiIZQDkTGJsEqSIYqGEqlSBqgBDJZGKAQgcqTM1AKJmahqBMVAQhkqAENQgFSYiAEqSoAQCIAQAJghghqkwEnnC3vXeSqWohghoE0pnoomwUYQ0wQ0AAApRNAAAAgcJGU1rliuerIeLZJLSlFvNGs5sZAUpClIVKARiuuecpUsUZQwJAAQxVRdgqQJs+jTOHYEwAIAM+rn0GghgUTSJaY5qRtMXjez5+p4WO3verzfG+h7HiWehXgejb3kVZbzosljAGJg0FIkt89xplcyztiHU4vUYAMYAwY4SoJ1zDV53LpWWkU5qVtMGmMAHINDsQSLLWDnw7Oaze6y7Y1eLNUgALG07ATpidACDCwAsAAAQBgDQGAwQGhMBFIlUlSYIC0TUomSoalE1KAQmKUAlEyUTUCZKmAhqEmKkwSaBNAgENCAQTBACGUhoEwScE9d1rKsWo0wQAJghpUMgGAAomhoIABMUACiGJOJaz55560ya56YkrEiySGEjRJSSKSQ0gpZwa5wloljBiYwYImNU1SJhDaqhNgMPoAOHYAGJmYEs0NKKmhoBUiWgaaG0xY7VX5/6Pl6erz+lp5Ino+Ts15/R5sLPc0+f6rPYrylXrnl0ekeezvOF13HDR0ZxOWlcxL2LnZ26cO1nTfDtZ0Pj2N3lZDwUvc40AqjN6ACuKvO5apUJ04kpkFlQtFZmtUYR0zLzGqjwPd8v0PRzze+WsuqJUMEBYAUNFjAsAKYixgIAI3LRuWNy0YAxACCkkNEq0CgIAFAU0AQhqUAlQOEDzUBKA5UmCGQhgk0qVISaEASNCGkQ0AykAIYSMCGVPW9NYTDRDQAxAQhoABDAAlAATlRoKQQgIE5lcc+GN7ZJc9USotSlogLUhTgKSUUQFJIuMoNYmhNkqG6llEtyjpgDIQOkNiooGmBSBjPdB8OyABoJVTDQl2lliAGgJEDAGDFcUfAG/P6uDAQadMQGWwcr6czNpjAAAGAAAAMAABgAwAGJgJsEwLrMNTIN3gHTrxM7nwB6L80PUryQ9c8lV62nkh7tfPCfQx4SX1347ufcrwSz3q8AX6CvnWfRHzpZ9G/nA+kr5kr6d/Lln1L+VZ9U/lFZ9a/kiz65/IM+tfyNWfWHyjT6s+Wo+nfzAn0580H0Z86z6JfPuveXhh7h4bX2zxA9o8al9deSR6x5LPUPLcvpnnM9A4HL3HER2PicvYcrOh87jdZ0UIGgUTRKpCGhJoSYiGCGqABMBZu6z7LrWUBYhlIagAAEA0AAAAIlAQBMMiloShrDkxrp5szl0pJ5oIKSQ0lTSRRKNCWNKYuJkJVCbFTGNoKEIwIKmhtOmDENDaolyy3NDExBR7gnw7JoGJim4UQRWk1ZIqEBEpopADTBpV8r5nueH6ONjNZRQSUhMBoAz1DmfRnWYmMTATGIGJjEDEwaYNAxAwBiChA2gYmMQMQNoGJjQq1aIkQMCgGJhA0UwBoBgDQDEUwBiBiBiIYnQJgANAAAIIaAE0AIAAQIAhpA0KGJ2pNAIikCNAoIAAEwkYDQU4DSsQ3fOHTXIWdj4mdr4Re7Ll1TQyg6duEPQPPVno15oeoeWj1q8cPYrxg9p+Gj3n4Inv188l+jPnA+kXzgfSnzRX0q+bUfTP5gj6fLzTOvQfmzi+oeUV6q8kPVny0erPmB6S80PRPOR6J5wd+aJRoGkDBStooqWNCG5sYxFQ4GVSHIxAVLBlBRRLAdK49hBx7AAADliwDiqzuwEwAIVKVtAqloxM8f5n674/0cthm8ACgAJskaQYAMFnqHMdWVZiBgA0wEwAGAAAwBiBgA0waBtAxAwBiBgACNQCWmAFDTAHAAAOgGCAGmAFAADBMAAgBiKKkoiSgkoJKCC0SrRJSJKQlQQUiVaJKCSkSUElESUEFMgoJVoSpCGCABMEMEAIYJgDQLow3MwRQkUSxiBghgACGMENCGgGCAAASagTIQAgFQxJGEjQhoQwSoqWbL6OdRijlxTTpg1SpANk1QJtohgxg2gqKQm6E2BSslsE7qJtI9YDh2AQwKGgholVxZQhGCpKpgqWqaYNCY/B/on5z359gHTABAAAKmIGJgAAANCPPRnMuqawbgbQMAGgGmAAxMGgGgoljEwAGJjEwAAA1FZAIpAMQUS6YgbQMTGJgAAAAAMAGIoJbol0CKIkpmbsIWiqCiIKRIwlUhDVIAQAgATBAQJgmgAACRgAgQAUTQAADEMEAIYIYG+O5irRJQSMEMEME0DEAIRglYgbkGSxpECYCCBAAgaAEAgQAAmqBA+rk75dZqcVtUDVUqKENDBjaZSGIGGksaVAMG0yaqiWiHtAaZqhVVneJ8OyAAC1gGYEO4ZTmkEFJNQNNUAMAv8+/QPievPNU+3ORkIYIYIZSYQDBDBAA06bTHLo5c+9JxmmQ2nQMEwAAYAqQMGIGIbEMAYA0A2O4uMxqhgAADABiY6QMTGJpiYAADQNpg0wZUoxg24l0yCwgtVmaKIVyTNohVNiBAhAACCgEAIaCAENCGIGIBoGIAQMQMQNyDEDBDEx7ZaGJLKSBiBghiBgICJWIGIpiBkkUSDEQ0kUkAIGgECKloE0AAIKEIr0/K9rNzTM1UOm0waYgIGVaqKRNAwY1QJjAqibbEhwqVA3RLoLrOztA4dgAAAAqU1KNMqpdgBAmhOaVDQDRXyX1nznTHl3hv25AgAAAEwATAAABDBDAYxUMGMaqzgy9LA5T0tF8oc3LEUxBSQUSyiWMQUIGIKExkhpplrEpoAagnYAxDFAEYANFMAAABgDgAUZQUXBTZNW5YduoNiMTQM51DGdosynaDKdorObRCuUlgJUhDQlSEMEMJbCSkSUhDBDBJgKkIYIYIZCGUhg9stI51QIoEMEMEMEMEUEjZJQSqCSgkZElIltCGEqkqKCVQSMSSkIYSUiRge15HsS4iJaasQwG2S6oguQaoRTCgAAKQOk4AQ2mGk2NlCpsADsA4dhNKNAMKUtQAGgFgBAIJaagIYA/F9nz95+T6ePs78RMhDKQ0AwQwlgAwQwQwTGNzQ2mVcWsc/VyR3et4/r8+h5nqkfLZ/V+Z05+OaR0yigQwRQJgDGqKEljUBw9c9CU5G5YwKGgYmMQNoRuWMQNoGJqwAaZVRRppFZutFSlOlVFkuiJjdVitBM41s5M+mLOaN80wnWazm0QUiRhIwkYS2kQxUAACCpKhglQkqgkoJKCHSEAIAADS5qMgKAABiAAAYJQGiBiAhDZDYqAJKQlUoAKgATQCaIaENCGCGgTDT1eLtzrEtidAAwaBkhQAXNFEobKFc0AyEwGLUAY6GOpoaAKTOpo4dgAAFAKJqYBBqnNUJyIaJc0omgYBhu7Pzzu8/wBD08ACVgkYgGimIGIG5Y3IUIKExiCnNFVFyvi7eKzq9rwve5dWMzpDEx8z1Y1PnJ+m87fPylpG8gANCtyyiWNoG5oNsdoUXnTaYAxDBFBLoJdMzdhBbILRLoJbYmMKVl6Z6S66xUutZ0t1FxTx1KcpbJkcObMst8058+jOzCNoMVpNZjSIaEACaEMEAAAhoAQADEAqQhpBoViAQDABAmqqYzEVSAAAAEMACAAQxUMJGCTBDBDCRiSMVDQAIgATATBAAgBMPVsM6QhaqNEltA0yhUITByxtaEXVRLYA2Q6YUrEwG5Rq87G0wuGvSBw6gCggYmE1IhMpSzQQgAqAGmgAHUUfn/dlr6uAqIJoJbBDBACYWCpCVMksJKQimKm1No0yry/X8lNve+f97HTRhnTc0Z5652CpGfB6U2fPr3uHePPKnUGnTEDBgDFtlrCx2yBhQxDBgADTBoKJChBThlCFoQOpZblmuuOmW2mWrVN7S5LpZhXRocb7VHJn3ZVxqwyjWbMZ0zTKLiyYchLViAEmgABAAkMQMljEDJBiRRIjEDQ1QwQ2SUErSU1nTOMwLRMkTAAFQxEMAC0AEMEBCGCGgTBACARDFSYiAEMEAIGIaBMPdx6ebOkyoQwAKYUBbIKQinA2wcsYAWmMAdxQ0AVNFXmLZNSGq2VgceoAqGgABMIAHU2NNIAKk0MAAApB8j53teH6+F1K1nR4SnScqXsfCR3PhZ3vzhfRfmknpnms9GvMD0jzKPSfms9KvMF9WvJI9vzMZOv3/n/d5dOlp52NNJy1zGBZKpGRSMuD0I1nxVrj0xRLqhBbzoe/N0Q5vKWyHVOWNyFCBgA0DExoKYAMAYDY4dxZe2Wku+mG0utrRWXURpFDqZEnFTNIjPog5M+qLODPsxueaOnMxWqTMtELQMjREFhmWEFhmWVBaIWiMzREFCSULBYSrCRggATI6cdsSBukqQKkIYJgAEIYAAhgkwQwQwlsJGEqkiGCAEqQhoE0AAABcdC+vz78+KxMoYJsBqhgwJCiLKEANgVQxUNoG0Di0TToVPRZt6ZPVbHMC5dmIAEMQMTIBF1FgAgAqVQUAJgAM8Ph9j5v0cfsOfHTrzHTuUulZZONtTGeg1OWesriXcHnT6QeXPrKXx49sjw596TwMvpOblrwV7lcNeBh9T5dvF7Pi+vrfotPHRMaRnrmMFYJohVBOeudnkc3Zy9MJurJbolaIRpUs49Ts4I9Dv1nwT3sM3yD1A8x+ipeA7Ucb6pOc2kgtImprQyRs+YOl8irurgD0r8sj1tPEF93T54Poq+aa/TV8sH1Z8oo+qj5hJ9TfyX0S988Ur2xxJOmMVW2eaNFkjZZ2Myk2nNlmbLUoszCyCzQyI2MZN3zOt1gzdYqNzErYyDUyDVQjRZuOnDTEaRTcopyDJCiWMRDEDEDEDBACGIAFAJiBDQWAJaQgQIAAAIaDu4fTXpzucWG2NoKTQXNDaBJ0DbENiYwoYDogqiaoWLAbKK1jWDQ1R6ToecBx7gAJgmIGgkaFrloDTRAK4pA0xNANM5/jPufg+/L6vLTHpz3y7Zw5LszXfPmd9ec7PRXFZ1nPW87GNamhFbyA6SYTzdXPyuOka+Lq+D0eM8b0/K9L0b9kDGxpws9IpTRYKkZzSIz1zPM5O3i68ypdVU0A0Wwh+p5fr9eenueF7es68vZy+bpncVz1TR8/owEmaVSC1GS6bkqnDspBpKuUhaIyNXZgblc50vU5Drdca7jU4F6Ls85emanyPV08+9uKi6JpUk2ZtUZqkGuWpjGmY2qEDRxcLFKiRiZ3Nqs9ISdIsEyoaYACGhNWZscVnrmaRrBM3NEbZCtXCVyRaoSsJnREFEIoJVozG6QwgoEUEN0RGkCVISoRFJZVJEMEMD2/G9+XGKWaMBMBgFVNDigQ2FFiGxNgUgoGDTViBtWFztBvGsVotLHauvJE+HdDQwQ0AxMmakNMtBuaRAAmlGmIGJplfBfe/Fdef2nm93Tvl5x2wca6JMFrBnGsrjHQo5V1ZxFrGXrrj04urTjqXsrjvpnpxK1MdR+bT5OrKvmvQ4O30695xedpqiY0zE3VkGr1nkKnOljtkcHn+l5vXDadjpUA1FsA9TzPS6c9fY8bv6Z9nj7uPy9Oe8756sH8/YwVTcpM0qkZqJhoAwoNRKpRKlSaYA7kaegx2AzUGPpGN9J4fJ3cM6memVohVQBFTRMtQ9M9DLPTItqrJqblMtIJoZKaJ0z0qYuAqaQGEAwTAmpFcsmpsrPSC5uRRSKy1zHSoc3AqVCGAmiWOAoJVIgpAqRIAJqlU3ExpFEtADGnKJNAwBMNPd8f2M3macrYCKCapgDEUyaAoAAYMCwFGFMZAFip6Qta0Ralq7mkbmq8pzXDuAAmCABgTNSTSZVRYAWCalGmJoAAr5X6r53pn3+7y/W6ccp0kyy6YObPqzOeN80xnbJYYyYvLIpvy7VF8KqKUY7ENajmnZ8l3cXZ7L7ukbTcUVYs941I0VayJquRVPHax2yrj8v1vJ3htPUqpoGnFgFeh5/fvGvf5/d0x7XLrzcOmdc/PHrP5lebX07+ZuX6NfP3HtrxnXrHls9M80r0a85p6D8913rhDsOMTsORnWchZ2HIHY+Kq7K4a1O2uKu2O18VdJwed1c3LqY65NCCrTRNRRCcxdxoY56QFxoZ6Z6kzUAwEqkm40Ii4oqbE1SZtUJMHFwNpkaZ6gmxK5IBhLQ6Vjz1zhWqJdIU6QJlAqCZuSQBzUkgxJyLSLJipomkDTHNwSNIAADO70uPpzrEqoTAHAaPKi3NFAAyhNgnTIumRTSsGFDR3Nw9Z0LuairjamnVRaZ49RfDumgaBABQGKaki4oNJoAEABOWomIAK/G9nzdZr6D5b6rtxzVRBlpnUZ7wYLSDJWjE0mMo3iEbHj6ZOzklstBliGIMe3yfRnXrfRb4dF0mnZeekWRUVVIDmjTPlp4b41z+N7fh7xbT1HU0Mai2qh9nH17zvtjp15+7z68/HphzdGGpycXfznMOF0rnJOq+O17L4tDrrm1ja8tCwoQ2IoiSlUlolUlQwTaABAA4aRNGWmZLTq01EXNGc3NVpnpGMaZhpGhlrlsTnrkMAcUiNctjKLijSNCWIippExiTQ5pE65bE6ZbxkMMqVUppFVNw89s1VrQkpCnREMoRSJnSSFSRRpJAypVSFzRkqQlSAYOakkYiKCWM9erjGlSay6RLpoqbEMFSa2xjqApwGhnQy0JlIBUNvaJrR0tVrC1jWkY89egePz2a6535/QAIAACGAqmkQxGrTACxNOJc0oCGCK5eqbPn/tPgfv+3HON4yynbOzPPbOs4pVOd5xLqRARbNPF0xLONzNJqClqJjsSrTb5WOrm9c+h6uHtumJ1cXCQ06GFmGeuXPTx1zlx8H6H57ebareS87ik1VubyfVzdGs76Z6dcerFZc9546ZWZ4el0181n3+cTOE5nQc+8tVkL0a8dHo6+Zuejr5+p2vm0NnjS6PNlEiQWHD6Eoy1AABMDiTU0ZaZkgq1AiKmiE0Vc0Z5a5D0z1Md8dhZa5BU0KdIM9stTKakemd0RpES1QqVWQhhNInfHcz1z1lzE0zubJTKq50gi0FlEoFSYJlCGyc9cyVSFGmaIaFNQUNVCaQAUaYTUA00ACbWh73N18uNJtK2gdKxNyNjEJlOWUDEaBNoGTYM8tPWr5TPc+tj5ak+ky8LQ9Lnyus8PS1PHfua14Onu606mvF6aTSACuaQmmJVJKaNahjQrG0yQJWmgAHU0fG/ov5795347VOmc5xvFc+XTmc8b5EZOaU3EqGi9ctvFpA/NuVZZlOs9Jm3e5mbY7njeb6/j+h7fpeT629ghNJpWZtBQFmeO2ONmO+ML576L57WSoveFpnooND1x2h747am9wdOfs55aY1GPQhdWOp4vnfR+PXint8knnTUI9+foUCWrvnDt38yz1dPM2j0a4LO58bXsfE07DjDr388OxcodRgzYxZg5uWc9cllNGjQSDJmpLuKIy0zHpnoZ7Y7Cy1zBphNQTrnoZKpHSY4uSWnRSZAMJqUN8N4z1y1XKgJZRANK0z1UVIBskYTNIKVDm0kxrksjQZa5IDRM1JpncCTKSYJjJVSA0gAHVz9svq8+2GdUAMTKEDQymMlsAaHSY2hacaJFAV839F8tvO3qnt2ePt6ukeXr6Dri06mc+mriNB1Qg8hpeT06poTBBNKNA5qRJoLz0KVTQNCBFTSAAdS4+W+s+a9rvx9nfl2zNQLmc7S4ZdWRyZdWS8y1gzdIN+fp8mkB49jVEq1uZbSdcrDq5+88/wvovnOz1Pa8H3daYBaarMQaJqyMdscUy1zmp8H3vC1nLTPTeJuaGAPXHaK2yuzpQuvP6TyfQ+RzfpL8Lql9eefQ183uCM/QnTy/F+m89PF6t86aoMOL2ZzfDfpci56Z0bXFw2mDTE0xsY2nQxgAT0c3TirLXJUCNGmQ0yYuDWpCctcStM9DPbHYMtcgaY89IFcWZpodJhNSIGNgQ07FNJTfHaM7miWMmkyAZeuWxLAbVEDCFSR2mMAjLTNUALO4Ry5EmDm4JGqQMACVSAGSwR+p5nsy3FxnTbBAihUKigYAAAMGWsVLS6mih5nN8/6vlbz9V6OWthSaNpq2mNpg00oQvkoXk9OomJoRpoAFEwhpivPUqaiyk0E1KsEMAbmk8PevP68/sNOfxmPpr+b3PdXlandGO9YZdORy49Webym2Qunm6fNpAeHbadjGbTOk6ZrbDpnl+Y+p+U9U9H3fB93e9ECWBWSuDWWWTh0c+aRczWfi+149zy6ZadMFJlJga5axV53XUmuvL0PD9zytTyvQ21xrxg9ZOP0eLGX0Z151e/n1qehPHoXGuaXGk51mqFw5vQyjmt0J1RmY8leieez0a87Q73wh3HFJ3nAjt6PP9HNjPTOWWBVJkVLJmoNkBOOuRdxZntlqGWuQxUPPTMKAzTSVUtSakTTKaZDQJNFa51CoKBoABJse+ehLTGNCBCBlMBMDPO8xNpIkkaAQMJqRAqQMABAAAAA/f8AC+izeccy2kFTQNpibQ07IBibpZYI22FqofL0c9eXz109MfVJoYA3LKcspxYVLG0zxwPJ6XeeiCAaaUEDBkJoWmdmkXFlJoJqRgyWqE0zm+U+y+D68/0fLyGx9C+LXeeow0W6VCnmJeF/LYx9pGe2LntFcNDH4Njl03KsolVrkp6Zy+P+0+L9c7vf+e+g6b1BVoJ2ZzUmiasOfo581zUzWXler5dzw3FdMWmixoNc9IdxR1y1259/L1cG86bYbVtDcYc/pGbyzso4mzULWhMaRNUrnOsnTyMt8jmsulZUefzdXNZdXVsLVmK2kxnaTGdpNPV8v1MWIvOVJo0VSS0xTUGoBOOuRWkWRrlqGWuQNMrLXI0TRmmixhKcg1RSaJBkphY0aTcIAxAKmM0uLEAUDIKQgChCDkIzcjSdZzSEAKpqFFSCpUgYACBiTQDI297x/XzedNqmwGMAAFRTllSg0qGpatBUi2yM+bXms8P2/C+o659RNQwBgDpMbQUJjaZ4zT8npWkWACDliTS0ATNwNVB0RU2VNIJpAKiWmABXwH3/AMR1xp0eZreH0Hs+R7Wi0wS975iVa5ax+ev6rxDp9bn9XGvH7/O5ed+jVx8vo5a0AQBNjmluL4/7D5T1x/Q/N/Rd9dCaqri0yTmtE0hhvjLKpS4+b6PDXmVN9ObGFAD0zuHcs60115+nv8tnqfX5/K6V9DPj9Md9ZVSWxHmv0dbPMr0sK4s96zrE1xxpNVDy2g5qV089cI4M9M9OlgUIhoVSmiJuDX0/M9PFiLzlQBrLRLTFFwajRGO2RdxZGmeg8tcRtUGeuJtGmZmAaAyJvMpzRcaQSxkDDSak2z0yGwBNCqbNGIGgsQCEMQMQiYGUa5UMDIAE0TcXCi5HNKk0wVSJgIYJlR3ejydWbkDlTYAwCgzLdSrCadiVilw000y0SmaHn8Xd5teZ9l8h9t0ywIYmNzSNpqNMbmhtUeKx+P0q4uwBA0xTSVtNDPTOqzuJdhVY00E3AVNEXNCAp/J/WfObz4ldnf24a+74npJ1TLLcUPkvDOvd4b0xeHfzeHNvxOri65+/j471fm9fbXJ2efUoUIT1BD1J+Z+m+e9E4/ofm/oPXe5NSvTO6zVSNp2PLXGJFWdc3H2ctnkVGnXm3NDaZV56QUg6xPrjly3wgQ1vbK06HzVZ69edrqdr5b1N+XbGzyN63zrSNZxrOk8240g5qVBlvgcGG/Pp1OWUSRSEJASgrT0vN9LFnO4lQBYITQGekGyFEZ6Z1dzRGkWGW2QUmPHbA6MtciBo1AFlpmGkWXFwAmS5ZtnpmbZaQMEVN5hcUaiYJI0JRRAVWaNDKkpw6iXIOWZiBpoVJwkAJyNzVJVINMQAXnpHsa1njScsGMAKYEDkKa0qaYIKA0RWs0g5k5fK9Xw7L+v+a+l3AAACmmFDBjAbBjjxWjy+kpCUAIChME0xxckpi6mdpc1ITUhU0Rc0IEPxfa87efE9n5r2e/Do6/MqX0zzt463PWc99usecvYrnfiOj7LNfl+H6/PN+Sn7F+PXx/0PacbzT2LneM6Y3MHc1Hh/R+F3z4vueF7XuvqpqU0zupmpG1VhlrEY1NTXPz9OKeFUX15upY6TKqahsZ0VFdMY82vFXQ+ZnWc9R0Xz610ac+m8b6c2mnVDizk87u4ca5PovA9nGukIzduPs4y2MeHRiefy9fJXQ5dMFDAEASqRfpeb6WbEaZSiYtppEJhFwaqpiM9M6vSKJvPQeWmY3Nix3wOnHXIhpmiaJi5C5scXANMlzZpnpkbRUFSIvPSAcs2EgJC5SFpIAkGmVjalJSApBDChME04kaCWgoAmlSABpiuN497Dq5caltgME2CKRLbFQ7W1SINCrm0Vyww6OY5vA93wtz3Pd830bBoQaa1UeUe0/EpParw2e5XgUe8/Cay5fk9DaYwdJMAEDmhoDOkK7z2Ry1SVTBU0SxDTQ+foK+B9Xxve78I1mo7PQ8X2o77wvN1vFx0TmsXoiYyqYWL055r4/TWVMPXnvTRZm5UJaa+Z28nafJer5HqfVnuoJouLSYuKdxVhNQZuaxrDPRWfN6Z3151U0NgVUONRM3qK6Y5ePs46q40oaZVzodHPdRnVaV1FR1xw8XbxYvL63l+tjXTDnN6uHfA2qNQx6cY83i9Lz9NmA0A0IDTKhBGnpeb6ObOemc0AykxIaYZ1JvNTEZ6Z1o0ybiis7zHcseG2J0Z3mRUWWnIRUhpnRUgDlpNxS656ZlzcAnJpltgFRaapCyIGIKQCQiqhlIlJcUVNSJgCAYBIMSqabThJqkwAGLt4/Tj1OfTDGtDKiwQ3IaKQsRTFayU0bdRSaNKzunydXGcXj+jwdMfW7pg0DJZHget5QNqxjoqacLSbOgDyelsRQqpAAASwGDM00HTy9JJU0Jom4oE1DTBUnXwPoYX6vO9ufKp+w+L+uy7tsL5XZ5Vm6mVRZmYtZpZujyfyt6Slm0QWO82VLinz75dZ8Z6fl+l9fP0DmptVNIo0zouLsJpRi086xTmz51uenO6l1YMVJl1Lja4veebh9Pn1Oa+i7Oauql5NtIjqU7Lza61ZSDrjg4uieevP9+/S564MOzygrTqiNdLWDWk8PzfV8vTRgAAJhI0JUjX0fN9LOs4uMmN2oAiptImpN4uInLXOruaIqbHlrkUxBncmmekGdxaUqlVNwOpoaqRAhUmaS0XncAgNMdcRuKTROROWoCKAJTQ2iy87iJqaKz0zKBANDBCYUk0FJiTQxAMUV7Hke3Lpm3myUwQAJjHRmaInbPUKmjV5XVNUKmhcHocR4s5d3XH0YnkxFAI4+PTNKJdOaIdOyK0coB5fRSap0mIaAGSANoITQb46FzSpAGdxYJqGAAOvk8PR8n08O/KXqT7vy/0OZ6t89c9dFYXm6mBGmvM42xvLK659PFvQzOGtFmF1jtFwTDSep8R6HB2/Yz9HeWs0qljz0ilpnYA7OdozrObhPAz2x64tzSVU0DTLaZrplprO3dwdlmq4edfTnxvdjDP0Wcfdv3xzab1HLn2ZHLl6zxfkcvrefrPl56sTo28Tpj1KCV51lZx+V63m1AykACYJMJGi/T8z08ajLSJaaKaBIuLJmoOjLXIMtMzSpcTcWEXnVpolDKi4jO40q5YKLhG01qakE0FSyydBRcE1NJWWmSjTTTPXJRoAAYgSaKB0pqYGmOalKTSggpAiE6kAbGSmhggAL9/wfo83ncmbTgG2gBqWUSwQaatq0LmimyikjPk34q8P3Pn/AKjpz9FozWhUxRHmLn3sohq7JNKxuNby0KGeb0OaQ6mgTQNMkclAyY0zKaDZNUmBmwipqRgCaZ43zn1vyHo5ddZcvTnfu/O+5l7OmOuKVDltQRrKWbpWaFSfk0EHm1SNMnopKlLIcvT5LWT6+PptMtptNNaz0zsVxYOWmA1mznpnXi8vbxdMXUXZVTQNMqpqNNMtd5x8H6D5uuiuZVv3+T3G2PLJ6deZVnrX5DPVPMo9jp+fZ7/P5LLw0zF7Xjezm+03WLGe+ScPi+54mlDVJUEjBJhIwfqeZ6eLlFRLYK0qaM7i0mKk3y1zVRcJVTUTpnpSzuC5uIkHVRpnGdxdWASmkKlq00IaBphtjsTDRFxoLPTIdTReemQxMABpyCZTAhJyNpo5GCqVABlRQCRNMoTIaYAAAb/QeJ7Wbgms1U0rBiaZVSyoukzqqClRTLJKKhVmc/ndnm6eZ9j8j9lrFNENBRy9PnHJvWph25VF8vRmKy4FHNXeB5vQ0A2guakAAmkNpiz0kE5OmR0gCGEOakYAAGHwn6H+d9+fo9PNv15RtjUe1pjpytOGtEopBFuCN9ebXybog82qJRaRAggEafN49fF9PP0vXw902AWVnrlSuKBqkwTWastcq8vg9DzumLqLsdxYmg0acXrjvrMfNfTfNaJUaT3cPfHFQ7G0x1O1kPv88pnqnlVFwS0p7Pi+pm/SPGsNIWa8/g+15GoHficxUUxMlgJMK9HzvQxrPO4jQc2lRZnplqkRUm+emQ87zNGArz1Ii8zSaRnScVnpBnplrTYEpoGmNNAgBzQ9sdTNDMtctSc6kdTZWWuI2mAMJqQTBtMlNA1SS1QS0o1Q5qRJlkVNFIUAFAANUel6HLtjUscqTYqQJjLqGlolbebTV50VeYXeVVokji8b2vnNzX6z5z6O5YiGCH4vt/PmOWzrHqWhl1clnqdHhbx15cup6LDy+hNVSANJqRDQKkKpYTUiQzWs9BA6zaIpVIAAmFfA/ffF9ucEV15Tpw9EfSa4a4rES0IGJlEuHtz1wuxJ4t0SFEgyQpJV5Hmev4/0J9D6fjey0k0aZ6RpFTQUmYzcZGO+C+f5XseR051cVqVcaEjC3ND3w3uV839J87pm3Oi9Dz/QOZXCMBBplk0FyDqaWXNQmtFwXVrHBPveLS7OXpjs57US2rRoAASYV38Hfi556ZRshBUtY0y2M5c2dGW2MPLTOtAIWuWtZxcFgRDTKi4M7mqpiJABpgnJSaJ0z0DXHYyaow2w3M5aHcaiy0zHUuBzVE1A3NADJTQ3NE1NCTQVNBNSCasVTUOWgaKGmDmj3p1y56BJdZGTQh3FGkDFUstxaMbEwCpZWWmBz/NfQfO9M+/7HB3o3LGIU8D2vCRgVvnpkLayFb4z1seH0zYH5fQqmqmpopDJGAhiExxckVNhvz7kNOpVTFJoaaAAfy31Hgbz49c3V6OHKdesvq7Ya5WSpaE4AokGK89eNsk8O25CiSmJDJRxeL7ng+7Pte54Hva2Ji3FymVJlNOzKNcs2sN8V4/E97wenOtcqs+wrO5qmrPkmFydGG1h8/7/AIOpzgbHfwdpnGmaDTQaZTTGDCppc7i4PQ8/ql+lyVZV816nPXLh0cdd6aAaUTBAgAK7+Dvxcs9M41QAARrlqZzSOjHbIWemdaAh6Z6mUhFAzOk6cXmRcWWCJAQaaiclKpJ1y1FpnZDAw3x1Iloq89jOKgppiqaEmoVTVMQJMFSBVLHLQXnoKWhy5RtUJVIAUNAaZ9Ee9z9PLjdJg05KrOiry0CkDBk6FIJ0SMEMDk6+KuLxPU87pn63dEjaFYg4/J7uGw2w6Sspst52Vx0QfReZJ6Ka8voGgbRTuLJABMEANMM6li359wApJqGAIAE0Py/T49Z+Y9v5z3u/GotmfVDiqioaQNyKwIbiuayTwdKEDEikKgRZj859L8z656/0Hzv0O90AtIaYtUUNWTlrlLWO2UuHzn03zXTFirWfq9cds6e2dx8qrjWXvhvZPh+542pxAbHZx9SPLbAbTQYFOaG0wqRZuCL9j570pfrPLU5Rp0Y15fnep5mnoVz7wJoAFQ0Iai+7g7s3PO4jRAVNSRtlrWTTN8tMh465RrNxVa5bRzUnTc0Z1GgZaZk3NjAJAQaaiaHLQtcdgYCHJlrnoZA0esWuM0DABqiU1CqbpJoQNABVU0JNBcUJNQ4qbG0wmpGAAmPs4/TPQx1yxtoBxYZ1oGeqDRyxgyqloCYwAYxcnTyV4Zz+h1x9CBmtoGIPF5NuezXfKR6Zhd5SYdfL652/O+9zR3jXm9CAGCh6Z6UpaBzQkMYggqA3w2GAEXBYmSKhJoJqj8/+m+Z+l9PnKQAEFzQwIacgmSjl4WQ/FuiVi2Q7KIdMkp/LfUfM+mel9F8z9L11oBNNjTFoNE1U5bYRpjrnLHy/1Xy28VUXvP0foeZ151vpjrL81j08usV0c+9h5Hr+Tqeca9O5zdPNJa1xKaYwEppjAG01T0mVb4dMe5fpcERj0YHneV63kadNwR0IAAUTQJg+3h7ss4uJbAi40zJ0i6zqaNc9M4WWsVrnrga6Z6nNUWFSzPTPQmLiFcaU0MgAKlgmCVIjfDWLnTOnGmZF56GdxaGk0uIBSAGIAUFRdJNIhNampCpoSaHSZACE1BTTCWlGhBoK9rxvelpQZ01aJKoRYJMFSZq1SBSILZDYAmY8+/FXznv/AD/1PXHeCzaEBnfMeKt9LM1SNNOaTuzw4jXTXsPKvHtPbA8voE0NNRVTVCpEVLBVI2mTGmY9M6NHLCNMx1FktMQMm5Z8L7XndXp8/W0inDKvJxoZsuZUWSxlPNklcbZlXK0ScrRJFJA/nvoPC9U2+n+U+p7a3AmnUWmII1RNPDfni87iVfM/SfO7znrlrvHreh8wS/VX8mHoc+OqXrlrY/M9Pg1PLnt49J1y1s6eXs4ymmNjQY1AYUmaxUyz1cu8fb+Z6PLLlzdPMnneR6/k6nSMlemTNRAACTQ+7i7cXOLhbAjXLXIVS6mo0NctMoU1Na4b4G9zUc156UMDPTPUiLgV56BU0QmkLz2XMYIETrnpG2O+Fl5a5LNzRFTSO5pcQaA0rTQAQri6lNJLBai4h0nRFIoAkTRS0VU6GSYoNAAl/Q+B9Lm8gyaGAXAaKQeuOhUJl3jqWJpRm4sgqlLMfJ9Xw68v7H5P7DpltPNaAOLsDwY+iVnjnpYJwO9a5slod/D6Ex53Vqj0xPzegTUKlVABaaJGhpoYgU3AxBq0wmkTSoQIGgKlnzGPf5Po4+uSXLJRY3EsCqziN5yRagilCNFm42EvJu3FYtIMjyPX8vtMPpvmPoPTr0xqaLz0TFUi5ap8/RjCmplj5/6DwdZ5tsdemHcstBCuKNNsdrHw93HqeP7nh/Q7nhZ/ReUZejZEmlLmXRnWzMX1RHBx9fJWs1nC2x0Puebq55efk6+U8/yPX8jU6gAaDSsrhgyRofbxduLnLlaaovPXIBMjTLQ1y1xhIVa47YnRUs5tctRy0Z7Y7ERcC0z0CosialFtlqsJgk5HpnobYa5jz1yQBKqTKcshzQIY00JUgqWKakGqEmoYOkqQ2gzoIgCy2mZtC0hDBp1e94/rZuZDzqpbIYVNUh6Z6A0FIZTi0U24i0wmorm+d+i+V06vqvn/AKDWRpygAJghiIYoAXI0z5u0jhO+jn0muHdIcKpYxOtJYQNDQAACaJANWFNMM6moFUgNAAeb8z9f8X6OX0FRLGpkjWJBvNGihFzMlGNlTQKhGtY7cKUnx1QiH5/fxbcHvfP+36de2k8ad56JiqgsCnjtjCmlLl4nt+PrPDpnfTF1LNEEKky98dSuTrw1nwvd8z09vW83u5DOtnGJtZldMesxK53yzfJ4+zh6ZpxqTV5x95z9PPHPy9XCcvi+34tdDhVbzZdZONnnoCoF28nZi4yxXUs1x1xGmidM7NcdsRJUa4bYHRSDn1y1EEkb4bkRUBploFSyUIemehDTFNQXeeheemY86hLjTNWAWmiLmiWmOWAmgYCmpCppCWpW0UADVTCBEgWWMXNpgmoLiq9frzrFzVVLOmehRLppiu87kctU0qKuCLebLmoQiszn+V+j+a6T6L2OHtG0DBiGCYANiKATYmNEU1wBefsmiBpiuapuaJTQNMQAJhm1RqJ0wCGmOakaagAqfgP0P8+68/dMdN82koZAVIUlTEDExQxIpSFZ3kaUdmbzb7GNRzdvJHi+x43r9L77msbNM9EyjSChOnnecQ5rNw8r1PO1nzLzvrjRoNBOBzRprjsXFrWeRpad2t5g3QhgqqZV0VWbPF1/OU+bo5t5fRz9J63B6qzfdx3yOXyvRwOng9hHy+n0wnz1e8Hi17CPN3795fNPTR4XJ63kxgmlpzReO2RUVJOmepeO2InNGvP08x0pyY65ailoz6OfoMo0zDTPQVSyU0O89CQYouC7iypYRLReemYwDSLzCpolpgmBNIGAouB1NpIxRNQNME5BOSaTKVTUsATQaZ6n0EdHPzsgKUhac1QAPSKkBlIGNyyWKLFdTz9HLJ5ni+lxdM/W6pqwBgA0DaaMTtbTgYwaoVJnPFT5+zGgACpsnTLUgEDmhCYJokaNHlsDTsgBamkIABor4f7j5DpiN+Tq6cqc0JbQSJjJQ3AXIoTvrji29C865Oi5zUhQlaWM9lZ8z6vlen0fSOL59C87RZ6ZjqapZ6ZRFTUvNw93HZ49y+vPUQXScJoNdcdTaNIufH6uPfb3XIWkx2nLPRRmuL8Ax5Y13nbk6+Sq6uboPeq9M30Zvz44Pbw7zBbhgbhg9isDW4jV3Ga0Vnk+L7niS4AK2mVlrmOaknXPQeemZFxZtzdXKdCTjDbO6Sck74bGcXA7z1JaZKaHcWSJimoNWmUJmaaLz0zKALzvMdJktUSwBNQxqlFxFUqqQATQNMJqYJpE0qHFxSYAALo5+2PoOLt48aGhaBiHQpuRXmy3mjorJpSCmwByFYaZHzN8fp9MfRAQ2hWJjEwaCnNDcsbTKE0bQvMg8/a5aAAKlhcWSqkVIBMAAlOQ3w6RCLJGlYAgBgB819J42s/P93nd/fjTlxqpAUMpXvHJp6W0vD1bPNQEpNkQXJE7KM1cClyfM+jwdnZ9Lrz7ct1UUPLXILz0VZa5RFxRz8nZy2eI0+vPQGVU0SwL2x1jpjSdZ+euar12VNQ2zp9Hh9CEX45l4TvWbpPTXk6+VK6eXqX6rW9M3Tyd++NXTqCwg0CCwxp1CpuoVEeT4P0HgRgmKXFjipCWguNAy0yJ1z0Nebp5zVqjDXLUmagNsNzKLkNc7JYyUA6miGMmbg0asTBM0wc1C0AVFwNoFU0IAEAwBTUxYOpEwQQNOiWhKpgpNHFTQAoAHp+d68ely9GONSWLLQNpg5CnGhCtkO1RciXLYkIXN0eefNfQ/O/QdefsGd5tCpQAbQNyx0goAbmhuWjE15ajTz9kCGJgVI7ihxcAAAAJgouA3w0LGrCalRpiAAHC8/0ebU+G9Py/R9HDRzcFbdEcXV0VLOiM6pzQ2OBjE6Ikcky1ETaITD56rx6z6jo4+zn0KmistcgvPW2c7jLOpoww6MbPnql9eeoEVUumJl3neXdGme8+Crzr2qm5Zaa9vo+c4z+aZqPSdLBhWvJ2co+nHoPtLi8Xj9edCSipdAhsmdIE2xlIhWjyPnvf8DLnqaUuLCWhAC0jQnPTMnXHY05+jAu4oyuaFNSLbLUzi4HSoFUkjRTTJBimkXc2ZtNIYBNQtMB56ZlDQqTEAJpgASAOpohpgmhtMkGTNwFqkUVIMFARfu+F9FDypY3RloNpDKoyLRNJlk0iBUypgbQ1SrLl6szwPP8AreXefC9CuSz2e34119pXzHo5euYay25ZQnTExtMbllEs5dM9PP2QwTAaaG0xpoSaGCGhii4CkGwqoi4FUsachU0AM/OvX86vT5/b28Azfoa+co+hPniX6OvnA+lr5mj6WvmXH0580H00/OOPoZ8EPcXiVHrryUvqed596nNdxp9H3+V6vLonNGmWuQtItYm5TJolzy1hPm2n256OaV1NQNNHc1HoZaZ7z4uW/Pb7VxpLLGaeD7Ph2OptKua0bTNebq5TXfn6D6+4nN9M0DN0hADEDioLcWXKIEKvN+d+g+eywqbVaRZKaEAGuehEXBGmehrjtkO4ozqbFnpmPSNCM9Myxg5uBDBlSIGSqCrz1MgBNAk5Kc2KLgtADTEhiaoloEKhtBLTBNDAATJmpHU2ky0oBAOa1+l+b+my5hGd0xDSYNMqsmmiQUJDApjYk6IqJFUMSAzz6EcHL7M2fP8AJ9Jlc/O9vbzand3/ADGC/b18b3n0r8vtl6HnRTljcs59Jfn7MATSKExgi0MkEMAAQRciqGbNqmmiHNDmpG5Y2mfFrq5vRwm0SZthJRbKtJC0DMtVCuSSkIZCYUaZdkVo8lz5tcI9v2vC9zl1TmjXLTMKhjmpM5pS5xpmnz03HbnVxSupoYKTVpnflcaz5PN15avqaYXLoTUaNb2ZeF6Xm2Ok6bVGvJ08Z0dXD1n03X5P0stEkUpRSlGjlDUWVWdjSBpB5nz/AL/z+WFxau4oSpEtBVRZEaQRpFmkXA2iJqaoy0zK0z0MpuDVUiouBDRpFITTJYxa56mLVEgEzSC5oUVJQANMkAbliaBNUOakBMJpFJyFRoZy0O4shUgTBTYdP0Hjevm4IM6KTBMCpoqNJSKGUAA3SZJSqYzjfGstJY3DWhMBhKoTPLpZxYepFnicv0GNnzr9zn1Of0vL5rPren4beX7U+b9GO8c+fvYgc1JQA0BTTJTQxMBMSqSGB0JOgQSNDTQADaD5/wAj6H5/tx6tt1cw2zM1DI1kylmbmtpMo3iXLl7ctTIx6tTEqxXeENmk1OHTyWep73z30HLowGtstITNplTUmacyrPXJPBy6Ofriri7CpoaajWs7rrUu548uzHTbXzPaXE3Zh53X4qelh1dFec/Saea/TqvNXqb15Xb7PZlemVS6EtSTypPUPGde0/FZ6teTvL6L4Gd5w2dS5w5PA9nxowqaVtEUORDQ7iyc9MxXNFpoc0oljpRpA7miIuDVVJUVIDRSaFU2RUWTrnoZtUQJkpgXNEJoYANMkAbTECFU0OagGAJoqakWkUZpodzRAIYAVLT1u7l1xpMc0VLKRQVnoJXKCEUkl1vGkqadZUEEaQuYOpWiECShMEMTQNArEBjsJyZ96s8jH2c9T5/n+iiz240jzd6YhpyNgAmOpYJyAMQA5pENUVed0ACVSAIYmMQcfx/3PwPbl9ICuG4zNYxctJTDImW1lCaZZZ1cQaJosOnHpKdKM41S5YXlXqfQfPfQ8emgC6TSMmmVNIyi4h47Ynj8vZx9cO4qymmUqmLc0buXrPPXT10aLS1ef1fKk7Z7Wd/Zxd6DfRpht2bxn1SRoQ10vGzYkjL5f0/KsGixkpd/Q4u/NdRUU5ZWdeSdXFNS4VFqNOKTQJoNM9BZ64hUWWgiouAApy5LEClo0BDmpGmigQtM9DK4smwJYEMZABTTIBIwLWChAxgCTkKi0cXAwAAVy5KcszAKqQRJVIAqbT3p0z57dw4ouFY0F562JiiVoGbsVUFgMATKFUTGhXOumDnWkDaYKgkbJVSMQrGhNiIaFGjOmKnl0tDCaQNMVRQ2gqbklpiAAAhtD1x0ppocsJAAAYMPz79C+G68/Yjn1uKUzFTKlpTBeM5WVk1U03UzcAtrQz25aemEndxx0VyWOvR+j+X+k4dekRm6A6wpBc3NZxplk8dsTy+H0PP64dTVlOWaJzFuLNKl6zr3cPo0Q/nrcebTZHtPtnL3cvrVHQlZdZaS0IKcUVWdGynnjwj0as8/ToDO2l0vlqOicmWSoryu/lrG083By1bnojNbyZLYMNXZlj1QYVqRm9GRG81kasyjpkyeoc5uGb0EzWyXI1DM0DKrDG3RBqjMsMS6TB6Ai0YPREGgROoZPQIWoZxtJm7ozjVEFBKpijSQQEsAGiSgQOp0Wse9lCxvaqIaKIdSNzYppCYjQiiqh01SEhRQgYincUXCRitmZFyIARpJC0FzKQCEYITYbJnLpQmNME5YNMGmUmiWAIAAJAFU60CYCBAANDAK+O+x+Y3jm6OPp1zJJlajIrFLQGxMEE4pNWVrhtZPGZ05Zo0I6Vz1Hb9H819Fx6drTzq3LMmg0TVZ56Zw8dsTg8v1vI6Yqoqy2mtppHUUa1FXO3oeaq5vKV1vsuqun0ZWNcXr+R62s0TWpbmlblpQmFSzXz+ngltyiiUAZmV4OOlYSm6xVbGFpWNTnfO05dfsfjvqctzncu5gG5gjcwDYyRsZBqoRqZM0WYW8w0M2U4CyAsgKcBaQMkG5BiBiBiBpA0FAEgJjEDEwBAmAmCVBnOiMzREOmQ6RKsJVIkohKhZ4+3lXcHEzeRtM0UlZC0kVSAtESDFpDLmiodkSqKVIKmkJUyLQjx6ZOWtYVEMaGKaQhoAZo5vl0ABgE0mMAAZSGSmhpoABS5CpsoqKYIaaGgBoK8P2/Mufnerze/tyjNRAmUm0ohjQClyhWcWdBfLWQ6qaYA3CdqL9/wCf9zHT1XLxqqjQxVSaoVRnrjFYbZHJ43teL0w6mrKadaS1DuKL0zuyfI9fyrDpWlX7OPTKOal4vUyvWXono3LKEI3LG5RyZ5XLosw0WYa8fT5iDydaxKKrOk69+fUM7jG+dzWbr9P8l9fLIOVFCSmCGKmmgJgIGIGhiGCAAGIYAAmMkbJbBDBDaSrRJaVFCQUCVBJTJVAhoEwQwQwSYJUhDCRgNAACTATBFKFydnny9xcKS2ZLUIoYDBMokaEADTG0UxMBoHNDliDQOWiqiykBln0M5H1C8S6siXANsDTPXl0lpjBA0xiYNMbTJmpLhoblkzcBchqIpAikMkTBphzdM2fA9/n93o4KdIlSahAA0DlZlYytR7Y91Lj0zG5CyXFNOGxi9nxvVz091o56euOplFwaNOyMtc5VncHN4f0Hz3TNVL1m2mWgCpqL0z01meD0OSq7Of2oEOaLlFbZdG8gFAAxAxCVz7eQbLjg7s+BnXngFZ3oYPoo5tdGTZR0Xz6RnlpnnWAGbP2Xx32MqQQwQOaBoGIGIGgAAAAAAAAAAAENNINAxAwAAAAE1TQDQQMKaAAIAQ0AAAAIAQAAAJgIAAARLAAcZYaUug1KCoSpCm5E1QmAOWVIxDBMVNoGJDc0DEgmA5oKkNCKGADUGkqjPLpa8a6sSdYrl0jSNCRMGgoQMAdxZM1AxMQmE1IAFOlSAAAkAbQOopPgeuT08HNKWU1CBDyWNlQPRMZfZGEZIdA2KislTYUuk4/R87vzv6NxXLb0y1rOLzNKl1OOuUEXBHzn0fzu8tp7zbTKQQ7zsvXLW5XP0dVa6uZoooeE9dmrc6yAqaAYgHIR856fl2USJZAtOajboipQV1JQo5ZMuI0UvLEFnT+w+P8Ar4QnKACqaAAAAAAAAAAAAAAAAAAAE0EOk0xDATQ0wBMTQAANMBMBEAAAAAAIEwQAhghoAABAAIAGmcnRxdMvTmOWSWMTKEhXDKB1M6TCaBgUDQFhmminlRo5pCXRDAGmAgpwy5EUIGJjEznaOfVaZaQqQAAwBgBeegpqRNAmmE1IIK0J0JAAASaGAKpZ8ryen5Po4bzeYpMDXCYsaZoNOHS7I08/oxJKYnThXKLc2L0eXoPK9Dz+2b+kvHXlt6Z2TncF1FpGWuakVJn4HveHvObT3mqmoaYFxZW2Oti9PzPQs1GpplYmnXnrvJNxYIABgmCT508TPTSzmvoDGtEqaossljQFqoDV46JhDFTFhiBnVfW/J/WQhOUaAaYADEDBDEwAAAEwBMAAEwBABYNADQ0AMQ0AADEA0DEA0AAAAAQAAIBNAACAaAaAEIAABDc1Hm9nH3TRcsE0CbAAkoGTQ6zdVLZBUgMByBUshaBA0MRGji7EAA0DYAqgTKcjEUjnA59S5qEySgRQgpAFxRUXNQwgQDTRIOnrlqQxAAJVI0MTTPF+e+s+P78ezmWO81KAQ60zZCoYdPORrWKO7q8hns38+H0M+AHtR5JXuZeSzXbj6s6+k35ujj0q87DLXKyqmic9IlmaRh4vteRvPM1Ws1SdVNSO4qL2x1sXfw9tnQmTUb49es0w1CWlQCMGEtB5vo+LYk0AAmkPTPeNCxrM0kl0iKYnluUdV8/Rz1iBLp9X8p9VAClYMTmgAAAAAYhgAAJgJgAAJoaBACgAAAAAAAABDAAAAAAAAaAAIAQAAmgAEAAAJoEA5aAEMMo5e3l65pMUUmqaAYAIAaY5sIoYAqabJKgTENphNBJREtljaYqTBAMljaYlYBFHOqnn1oFFJopOSnLGIKTk1mpqQBDQDRLTDXHcU3JLQOakGAgaY/B/oX5/25zNLrhFOIegRTILVg3Uo6DPM0TM0qsnsGVU6m3Vc81GdfRdnn+jx2rlq8tcpKvPS2YuCADHyfW8u54biumbaZSaC4uK2x1sfXydlnZzXquuqesgK0E0QAwBJquLz9M0ZVLk+hxhVMjaKKcC28maxKKSDy01JvvhtnWQEun1fyn1OTEStoE1QmAAAADTEMAABMABDABAAgBQAAAAQAACpgAAAAAAAAEAAAAAIaBNAhiaAEDQCTQCBoQ+bo5YfTntNIaEwAgNEwJpA0xuQpNUxAVIWoYDCG0NywAQBgANxQnQEzQMUNqabjQxnTPn1BBYA0OEAMTGgNEFSmhpoGmSnIdGGpU1AgATSNANAP4f7f5DpjgbfbmhzACG1RY7iabEqYiis21DQ6LVahcMzw6ObOvb9TxvZ49FU0ry1zhaZ6UouCE1GXm+jwaz5txfTNNMoAKii9MtErr5drOzqWuoxqhOQABpgATjtxHLpTEhrLTAYZuMToWNGrhlOKBDjlN5TMqc3ICa2+p+W+oyTTUaZNTUDTAGIGJgAAhgmAACaAAoAABAAAQ0yAEDRQ0DEwExADQA0wAgTBA6QEIaENCYCAEgBACEAIrj6+KXveessDQ3IPPQM9FJdY6FIACSnNUJoGgFTJvINEgYKGIsGkaS2RQCpMl1BQgctibQst8ufXMnSKU1RUsAcA0ABYFKagpAAiHFxT1yo0kQAhy0jEAJFfNfSeJvPzzT78gKiCyk3YupbRmaFZVaJVhJbTF7KsqtEsdZ8Xo+bm+p7nge7w605F0zuBXFim4SEOXDk7OTWfHuNOuaAigAqaLuLS+jDe59a0bUkilIUgVtIYki83p51RQS4oRQJjOaNEKmhtEMRY65UdL52MJxcwJrf6f5n6XIE1bTJpMYEDAAAAAAAAAAAE0AFAAAkYJRohoEAAAoABoAAAAAAAAAAAEDQCagBA0AgEmgQgQgELXJ1csdOq0lxHBbgLEFJsikxpUDEFSxodkqmqYglkSwKQ6igQAHSZLaBklOKEUEjmKcunFTz68+mWsJoqnLGDAGCBHU0szcDJYOWEtA0GomkpoaaBMEAHl+nxanyF5a9+Lqdah6bmHRqzN0yKTRAUMAQqtIKJoJsMfP9Ty83u+g+e+g49HUvOrjTOk5oqQMgIy5+jGzwdYrrzsGrBiqWXplomu2Oup7iZqE1IAKAxpyAZVwZKYsyDeuUOl42WrzJeeadK48Tux5iy4Yi2y1NE2ALG4Azro+k+c+jzRoKcuFcWJjAABoAYhoAAAARYAKAIJoAFAIAABIxAxOgEMQMQMTBANNAAAAAAIgEDQABQnME1JIIEkMkVZK46defphy3ZgdGMqVJSooYACYxUCCmIKkY3NEq4HLIGnYCokbEANDBJkXkG7x0W0klyMSa59eTbLQTmhtMbllIQA0WmdqRUAADQOakE0aOLSQATQ0AAhY65nxFt+nidnF7CK5dVFNMzQMlc0mwJQjJdraZSVCTQeV6XmR1/QfOfQ8euzRnWkuSLixppM01GeO2dfPaRXXFtMpyxiZVxRtplprPvqpsQO1AxUmIAPN9DxSUwQAIQ0AYbciAnYxNGgUaKfTy9cWBEzeeNSmprq+i+d+hzW5cOpY6z0GME0AAAmAIYAIQyXTEDEhiQyWMFDSEZIUIKSVUkDEimkUSFEhRDKJYyWNJFEMYkUSooSGSDQgkQpSKUow6OXrlvq46Ot5bEXDRZb8q6GTl2SYVLExgmUIAYDAShBm7zlaEUwRuXTTZDEXAxTYZmkq6zDQBADn152AqmihBQmMSGIHUUVFwIAAATQIRWuWxCaQTQCYJyTFh8lPYejlzemGs05LKcuGhBlpFRmKwZRLbE2Qm5p53nHPy9nMtfQ/OfQcunWBjdAkipopCImpIz1zr58a6YtzRTTBpjuLNmi5+iTWohlpSAGhAzj8zbAAQ0kNoBgRzbYIxCNBTEDaYdeHQOgiMtc8amWprr9/wfdzacqW9X2nJp0oxrRErRmJqJiahk7RM60YPVGa1DGrkI1Zg9gyWgZlyStWYvVGa0DN0JK0Zm7CFaEwErBNgpoJYCKBNhKtCAEWiSgznaCM9YOXl9eDyHvyGHb5/ZNaVDF0ZZHqvze9Fy9PMOs6NhuWWgoEMQMZUtoabRJpaUUgNFS6IbQAwExDZIwTECoIpoYjn0ynXFSkyhIppjQAADTLikShiGhiZImPTDelNJBNQgAQEjZ4XJ6Xj+jl6jHrDJY3HfLxx6OJ52DesgOgKBtQAAIAELk7OdeP3vA9vl09JoxuxNM2mVNTUzXVHBHtKz42voufU8efa3T5x/UTb8vX0XCnmUytVRc/Qk3qJhawAAFnr5pyDBRozA3zEkA4ac+YWDmoFtrXLp0BNjhuWMGZZ6Z41Kamuz3PD9rNpBL6G3P0FAAACaG4ClUogauGh1CLSaSxhLQVAaQmTQAmhAi1LFSoQCJpFyIYAAhuQokGAAAADEDQxoATQxMnLaRKkTx9qPmej1fLXQzqW3nRoXka582pprz9Ea6Y2aSwlzQs9ZHeQaOHQMSWEomJNS7dCWlJWStAhNA0FJUAwhsJYCTOfRYb4KUgbmgpANME5KEywZkNDQAASALXOi5BGmhIAAEwOP5n635Dty9w9itTx/Q9XPFOHThzeXtw7NT59td+bYwpNSaUAFJNSA0GWua+d6/j+rz37SHz23NVk0Rp1dGNm/AeqeP1eljLwa9cnHl6Dr5Lh+95rPj/AEd/H1Ppl5HInrcHd32Tp03qch2quM7COM7A4fG+k5zxj2WeNPs0eK/ZceFH0GVeFHbNeTr2ZWRaEYmoDqLVSAmJlGWemWNJBNdvs+P7Ga98OqXbfk6xgxDBJoE0TTkpTYlUiBCpiDmS1QSnIMoTlFqaJVSArECLM6AqUQMAQwQ0wQANAxBSVCABpiAGJiKQrixZ6ozFI89WeHj7/jLCkl7uTr4ToqWdJnrFTTEJgAFJDiwz0SNEimmCCUZOioElOA0rGy87RImDSG0DQimmSNc+hhtkoAKpobljGhzSAAsTIVSNAAAS0FxRQKxoIlgAAAC+G+6+N68/qPby5MtOPTnl6OTbCuP0efTU4JddueT0kQAOHTluJWtnO96jA3D5/wBHg7cb95oxt3FmXrxjYtl6Upi5yYotUkoyRWSy1COXxvovG1ngA6c/a2jfSMuhkmkE575nn4INIrtOB9fOZlgaR0R24cHoZvm118upjn0zZzHXFc9XAMEdQFMRllpnjSBzXb6/kevmvo595dern0NWANCNJiGlQ0JMASG1ZIAgEliKJY1QSqkSpA5YwYlSJYgqWjEwAE0xAAAAMQAADEFEsBslgJgKkxiYZ6oxWkCRR5fn/ScS83F08Z16Z1LdwR0Vz0by2IEWQyhAJuk4oZIjEAxgkxy6IZJdIErkQ0DchUsYMkDn0WesmaBW0Dc0NAMENAOppJVSoAIAE5GCNAaIAQ0NACZR8t9T87rPqdXldqaHN0Rih1O2dazwvoXXOFaJMcutHO9nWNaEsFBC0CCoPF6ufXOvoLx157fVy+9Zz8OPvxrjWObFEqkRqNICXOa3DBCM/mPX8Tpjp2x7t59TTz/UsxpFGkMPN9DxjPRBXdhjHRzaaLygWOTsjp8nS5fQ8yug5ZFqWS1pISM9mmGl2S2HJjtljUAL3+v5HrZp08/VLW/H1HQhiTETEDlLaTEnAUATSG4EpMJTYJoQItRQTcioQTSHWaLRRNCABAaGIAaAAAAAAAAABiGA0DABgAAVIVnQZNglSOfw/o8l8enMt3FDAK1xo3hgEM0UsqosU6QgFCBDBAwEMFRJpKYNA0ANAAQxMSDHQYzmWmS6IAuKGAAAJgVNAmhCBoAmkCaNHNIgYk0A1QCDxvY87U8r0PL97WPP7N+TN0rGE7N8OrcKo1lKglWVCsILCFYQaIlWz5nl9DzZfodcOrnv1+Tt86z0OqssanMFUk6hLkEEqTUqTQRXMnma+Nfbn19p0Jn6PnelqSU6UaOXLUCXrJmqCW2StnGUxvUFkStJEUCodDBJVEstskorweDt4c2QD0PV8r1M19fJ2Sz2cXYaMQAIJpRNEsCkIaYJNACQBgJiGEpoBMGIBMEwScg1YCBuaQABMEME0AAAAJgAADAAABiYNAwYmAJoI1DJpDTZl5XsyeHprzTWjhmjhmmmYWqBCZVZ2jJAuGMAE0NAMQNDEwGJiYAAAgbQS0c+jAJy2yUEwpBSaGgGJg5oaaSWhQENMJEyrikTTBORgqaAXPurPkfpflfqumKypYsZbUZel5nr7yhrWRMAAQAACGqAYhyeL5HueFNe99J899Fi+T7fkfQTWUac2a5qCZqdRJyIFmiaUTkXiez8rvEXG28d81ker2+N69hYrQGABRJABQFQIRlrNgAUIWaGJpoNMTATAAZ8/wAHfwZS07e71fL9PNfZcy5d3D3FuaAElJMSaUGkQCpiKkaIAEAJpSpRUtIqAEAhoAQJgxAxAxBVQ0bAAATCRoYgAABDaBiBgA0waBiYNMaGNMFGiMlpACQed6TPn9O3z5dKzsq8rLuBbQFOaRksGAyWUTQp0RIANAxAMQ2gaENoGTRIHPqwSGWuSy4soclJoYmAIoTKliSArQACJYBc0gAOamgQNAFSz4v6f572O3PZk4qV4ydXoRfTKTKAEQ0AAhiiaRoKUrc4flvrvkJr7O+3h530d3M0sbiVZ3mITp53AIJQAUXmcPz/AKvD154en5vp2cfRy9ab+z4vtUVF0CslpwgBubJGgw6Oc6ENVTkTGipUsg0BghioYANPneHu4ZUAeh6HB3ZvpRecp04am9RQ0CIGCErKlBAqAEwQEANKJoSaG0IOQpAIAEAAhiFYAAINMsTQYAACaEmCKCVQSMBoGJgDAEMAYIpzQNMbkHFhgtcybmhcnZJ4Z63mK1NRTiiqhrd42WJJTmhVFDAKeVjmgkcjaAc0ABI4LM9BiYhHPq2mGWsGF56jJC0mAmAANMoBEmlAAAIBDuaRjmqlhFSwAAA+b6Jz7cvUi456OjDv1N1ZrMFySMEUhDVIaAYTlbKoVmXzn0u2b18kdmNdeGs51zqhZmKEwqUEJNKxAubp8W58vt4X1x6x5HtR5XV0uzH3fF9ypYUAGsRUJoAAaKDDSTS4ag0MGjaUoVNMAAAABpnzvD2ccIA9Dv4e7N9HPbGW7jU0vO0YwAAQCaS1IAAOQQEKAi5TEACaBNACKSAYhoATBNMYmgAO4obTQBiGCVAmAKglWEK5EMEwAGIYJogaZTToaBgBGiMS5ENWLLZS+Pl7XnLi4cMINr59F1JsAkdxSWJhFgqmhpAKkMAGkNATG0BWbGBz6tyykw5aEU0wBgCGADQU5pJVSMQDQEtU3IaTSATIpA00AB5fle58115e+Rpm9fRx+tqX04VY+fTIcgAkNCAAIrErRqgOY4/o/hfvl8T1/K9jluFthKLKlrLVWZuXCBAAAIj5b2/nt5oDeevHr4Iv0PO769jpzRTNFg3uOS+klwrVRJSJbSw7SSgpxVJmN6iFRpltiAAAACCQr57l6OWAA9Ls4u3N9TDbGW9sNToaYDEAQAgTSjEAgBoE0CAGAmkMASpCTQDQmIaGIABCU0wAHUsppoNMBgAAME0wABUElBJSJGCGEjIQwGgoToYA5orLZVzPXIaAlUHm8fucUvC4cDaL15rOiAKAHQiqigakoaAAaYBKGIBpgmCA59WJlCZhnrkaOQdxQIAaYJqqaciGhAU0MUXC1NSmhFg5ohNANWNAZ/IfZ/GdMfSLbZOrpm0vTTlXOWrEAqTESaAMRbJg06n5bs8uX0PsfF9Wa4fT49+eujOVDz0RmBUqpGmEjQovA8Xg9To6Y8Q9nCl5/suPK93vqWaKmnU1DadOUxJoQgBSUlBpMgxhVZVrLvHa5vLTOgYIaAYQU0+Wy9nKXyz01EdmWk16UXIaZ6G9Y7DaYCBzSEACaEmhXCNJGS0wAEACaGkxADlglSEmCaBiaMTGJg0x3AluWNpjAAGIYJgAAMABiTCSlEjQMYhhLaoaBoY3LKllYzvmQAOWjm8v3sI8e0SpplVDt3JE0iWW4ZopIbllOGU5CpKJTQxAxMkT59W0xgGWWuZSTKaABg0UAFOWgNCaFAAipRxUmjATTRKoqkIGgfyf1nzO8/Qdfl+xc6+hy9CY815K0FiGlE0CcmZO4kxDzur5Ws/Y5PYzvXt8/bN9GN8MXdFLnLQppWSDEAKalZ4uvhuTVVqTddUpTJUOS3NDaag0OGgQBLEkaEgoEDSEsl09caueiLjUAAAAATBMc9IxtDcuGfWWbSwKSNtsdRsAQANCaATBDQlUiYwcg1UgCAEAMBAAAmhACaYADExgIxA2gqppG0DAG5YwBoYAAADTAGJUhDCSgQ0AAlQSxgAMQMHWUbQZjAVIz8r2EeG9sJRpq7youlSMQaJkJMEDByxuUaksStEghNPn1KllIAw1yJvPQTTKTQA6E0NpoxoQgAQ00KWFVNUgEJqQQQAUeF7vk6nX9B8v9brF43zxCc0JqwBDTFXO9gTQJ+KnDzR7rWrDOrlKPoeDr446VOmagVOQENCTBQ4McdHqTR1DoJUxCcstzQ2hWhA5BpJHmIHKqiQpAAAVDsd53Z2465aywBDQAxAJjNxjYBKTSNXN2VlvxHbtzbmiTBoGgENACBNImNUAJUhMQ0wSGA0CaBNDECGCaYgAAGISyKGANzSNplOWAwGgbQDQMYAAAwAAGIYkjFQAJoBoAYgBplOWGcbQSAimgnz/AEUvg33+bLTiitM2ujSKvMTRMhCYJg3LJoldDOkoQSBz6tyxuaDDbGppMACgAaYAhtNGCEAIaGgqXNCuLECSpEAAJofB3ZWeT9p+f/fdMRm5gQqEwTAMqkptAnicvzW112dtTjTCVrLRJ0en859Vlyb8nVNSqmVAIgVrmoJx25rnPTPTTXoms0GhJoGmWJqwBJgk5BKEaHSVIQAOUWTVIBG4qzuzqNZpAAAAAAZRpnitBNOamy9Mdy+bp4zruNgqUUJjQAmCTETBRANCGgENCaYDQKpAAEwSaBpghiYgAQABoKaBtNKcsbQUANoBpgANyFCYNMABgAJ0iiJGgAEMENAMEAgBaJsynbMlFEjROHSjwT2PLllKlusrKcpKqWaKKiiWAwHLEUgcgCfPqAinLqstYM0IpoGJjAABBoKAECACgQJNBrjqJNIIIQKmAAOvkP0D4D7frz1CYAAQALENwEqRPznf8/Ve/wA3VnRSM0EWUgOH3vD1j6BdHHnWqHLLEggtJqEjn1z1DbLrGDlSqVIclXIluWrTQ0AppJm6KzYyRyJmRaVDa0qGmkgWdsVOssAAAAAAjPXPGkAOaQujm6x8PdwV2bZXFuaBpgIGgRA1AQ0AJoABAhjQJoGkMGSAIGAAgBiABpIwVJg0waY2mjcspyRQiqEDacAANFUJjEDYANUDBDQAQJgAxDBJlJMhUihMM8+iDMENDJjRHjZ+55kvOJlpUFQzTNho89QExoAaIAdQKuXUEDqXVRTOYbAEMGAAAWDQU5cCCgAQBKahaZutJco0EogsaAKlnzHqccdsfYz53pZICxDzM+iNBDCeXp+Us5+vl95ppXz0S0AFg015ubs8yz6X0PB97FzAzRBaS0kyps5tM1udPVF40mmSnKk0FJqR1LpiFAQIZKZYBIJAp6MSE0VvzFb3nqnNeWtnXFRrNNMAABiYictss0AlADPt4e4XB3cddqVxo5oAAEDTAcgxCCaUAATEwBACaBNACKSBghoAEwBDE0EAxA3LKcsbTRtA6lwwBgA0DEwaBuaoqGU5aUS7WACYJpwAAAAFAAhghggBDCM9kYK5E0h1LPO4vc45eCs6KTYEsuopdEmMSGIGIRAcurBg5dNhWU64xUsFUsYAwETQO4qgECABARcQCK1loTRAmqYhBoPJ4fU8fpj0Pc8N519MZXvBMbjEDF5x53lL0turVrltsUAmAFhNZFef3cZv1+drH1OHL6WNYJipBYsNuGxXz92p0jWdMQqTQgCk2iaYAlcsBCoFKOXI7zZeIqEapi9Mjo14tTLXHos6c7z3m3FjEQxBSQKKzzWJygBl3+d6Jlz7wPXn6DSiyVaJmmIaAAQAACaAGCHIwATQJoEIbEDQAMQAhoAEGIABiYNA6llOWlOWNy4YmDkKJY3LG0FCdDAGgoTRiLWBACGDpDABDAE0xAAACpGcbQYlwAAlSObyvdwPLcUtynFaZMtpqOWMmkRSJYc+rEwEy01RjrhDaYhMoTAaQEFOXTGhAgEBNTCE60QhgCTQAkaA5vnfqPleufXjXHGuz1PA9G59V5vWdDED5Pp4tN/bzeNNizWIGAg1NKSSvJ9XyK9KKcdHq+H3Zvs559MYq81z83s4N409LzPTXQTzoTFU1AqmyhUksQyWrUg5FYJolNAgsECq4RUNDEIdGWdz35udy6yo0ICyBLIS1kZ41q+eo3MkL0vJ9g5c7yK34+k6HGgmANA0AJoYgE0AA00AAgByME0IGAgaGIAAATQA0AFQxENDEwaYUmlCChMblwxoAAABplNFMTGDACmJw0AAUNA2mAmgAoAIYJgCZQmiMuiZMG0qTKlURj5HtweK7xl1cWFSynmykI2MtCWjn1YAAFOCr598YTGRedJQnTQoYCty7LTkEAgQ4uRJodKkEAS0AKmJj+T+s+X6Z+h871c5PKoWN+tt5Hs7weP6XzWovY4/XmpaeKJoAAadiyaBMDyvV82zp24+wy1zJfW6vD7pfa5MPQjw+bv5emL9Tz/QxuweahqkmLF50MAaaBoRTU0mgEIJaoQAmgQAmIppCg7dZlJ7y26JdMksqVZGMbZ41DammwjH2PG9hOSLg0vDrI0aixIslgAAIAQyWDRQCGCBAAIpAAIYgYIAAQINAAAxDQADEAABTTQqWOpCmmNpwAySgkoATG0FAUwKGgaaGAAAwAABoGgGAAFAAACGict0c5cwkwlUqjzfUUeFfb50uwkUAFRUE0qtp8+rQDAGJ08tZMqhiaEpy5WgGCsGg0mpBNCGhywlCNHnaAgE5AChoH8/9B4us93peT6ms8vm+7501xdHNzSuI9zedUnz1SAAQxNBVlSQhtFHB28qYeh5vo1mExXRhsezwxme4/C6rK6+jbG+U2wlctUpqQc6RIwqWgTdSt6TlOujgfpZVwx2hwnoScC1yBoViAC05fR8n0945t+Dv1LqLKB0N1ZCuYzjTPGpQ8aBpcfW8n1U55pmPTydZrSmB0gaBtAAUhqAYICkNAAJNAAhQyQQ0CgAIYgEAYCBiAGgAAQMGUIG0FCaOoZVSynLGAAMQyEMptAwAYUAAAgBKCBtFMTAGAmAFAwQ0gmKmUZ49EmJWY5bJm0k8vWl8GvU8uUqHFiBuQ0aOfViYADcsYFYAI01DAGCGIpiZQmCaENImBCqRbZakiATVAACB+Z6XFZz+5819F0xTjBPL8+9Wun0SMV0KUGgAoaSECEDscuVObpyTzfV8f1KnbPXWVoqpUwARr6flbY16O/Lpi9L8+ZfQPOK9B+dsda47OhczN4lrE6yYsomjMJ1kyLLNzlBrfETTUazucPS8r1emPF9f5/6BauaSqTs01Ojrjinowzcc9cuPSAeNABh6nmekZAjDu4u2HWehQA5bJYAmCYUJggABACBNBU1DQUJoEwQ0CaBMBiAYiAE0xoATQ2mDQUJg0xtNG0FVFFCCgAGANANiB0AAADEA1AmgBDaChFUIGCGIKJdA1A5dgNBlqjmW+SpyipoIy2DxJ9vyJc3NSsGmiDn1GgYIbQjaKyV5lJyUBAAA0Dkq3NAhAADlpM1KrTO0aaBNUIATVGd0fL/AFHyv0vXlfhbcRXuc/XjcXNZogAABlLO4RJzTYkEIJpV5nVl02a3NbzUWjWddM1c22hjXTyZvV0+d1410GekqV8rT6M6Lz0Eaz0CoFrARYMSpGTtWPMkoHWO+NINpa4ejm3zXp+b6Gs+F7nn9y66Z2XWdanb08vV04ZcfVyzeOemfDtAnjQAZd/B2iGjHo57OjTHUphAAAAAhksGigENCGhFIEYhWIAaQTFSaBpDc0CBAAAABDEDQDExiCnLGAMTSnFFVDHcotyxsAaYNMEygAGmICAAAQACBg5YNA2imAMFTTRRLGJyJhU56M543yWVUFJMcU08nm93z5rjvNxsg59RoKBA00YFLHfApNA0DBDQACHeegAgQAJoReY0MbaoTQk1QmoKl2fNev5k9sLr5/fzozV86AqBqAHQGY4coCdCBEmqedZJO6rcqk7BjDr5Kl6Tn7c3m2JlWPTlHVPN1Z1vy59Euo2tRSSsugME+Q11aUYwGiVU2YN2jUaKc3TKJc9amPf5XZvHTz68Ea9XPvprcaBY9Tfp4tunN4VM1lnccOkAsaYBl2cXYXnpkSxrvplaW5qAAcsGmEsQNAAAgEMFSYhqgaAAEAISAEMFTE1AAEI0IYgYmMAABiY2gbQNy0poKrOymgbTG5dMBGJgArAENQCBggAENDTEASsAZIU4KpywcsaEVWTS0K0igxnbOIGgaoSEcnl+/wA5wJnLsNFMFDaBuXYZbYgkwcsbkGgBoHUspCQAUTSEaZ0NC0wRJoESNMsmtuuz5jj+231PnOj6HPF8bb0MzkfQzjO1nmx69p4GP1Ct+Yn6HkPKOrl1EhACDGqubae5TmqbRDaZW2NS9ebrGs5tHDscK+nrydGL3mFTV6ZaFqMjHpy0SblqxAMAxWlgCIdc6bVhz2XWOu86a8dV2+QWnTtjtprrlqWSWaVm6ZJEQ557gFitoM+nm3roy2wjN8+506YbF1Og5SBiGmCAgAEAIAGqEAAFAIaaBNAmhXLHLAEDSBgIgAEwpAAAJjchQmjaBioYgpyytMrKc0AFNy0bTABWJgAJUoQ0AAmmAkMQMQMQMQMQOoKoEjBAAMRTmmc62yiamhTaWCkf/9oADAMBAAIRAxEAACHF1xm3DyihyEyyElX0dedUH2GxTiD1yR++tddH0EE6ynxyD6tP20FKyaqpGEFGkPsUhDLUGduHjB4IMRA7DgTBDxzwRSTqoaa5ygRyQh75flfUeM/uvO5bgyEcEGWlEgAPPDm010+ywHSjBCmVEnn11VhxBzRluO+uff8AtRpRqssQeWuKNtJFe66qOPLb1R1nZykIDlIDh9wAMnn+88C2mG6mu2qgequaU4Ack9habXNnDTX7nOmWihpF94LJH59ajDPTffLbkzf1poVUhNVZlBgEskZQZULTPTRtRtROEUAiuKT/AO0QGhulkntrkiBCf/RR7hFPiQF89+Lex45TCCNupoulpiPOKD4522R0x+/EaUXy4wx+jPEOwfDbbXXS5A30+190+/46yw3w395iMceGCEEEd4/+5xWWdQUqlKmLnr+bTCA825HMXYUfAAAANosvcU3iB5vez65UNQx32feQWAD51DM607654/64eRkU4fXbN4yngroBxbYVVVSQYtU72w+WY+zy/wAN+/8ATLTk84Q0kETTXHk/RVh52QdZBRJDJ8QHHFJn7yWKAWuiCGacB16CRzvU4yx8A/cAZd/XRlxN5pd1A3xVlBRd9poeJpyH150uay+mm+MZhPPdx4VWRxVRpxV5Hzj9XvbDBjNnr/jVrPjLXLPBpp5MS+JnrvTIyOD98wqerTI++OacMAAVnSqD5qTtvdwCiBD8MwdJ7L9QTbzzrogAowDI4jzwhTMr5dZy26+IWqAVpPdjgRcydhdh9JRhpLqrH7XNFdR1hr/vrvXD6rhtp9A2Il7GuV8TjVoCGc88CDBx199thBBGjE+NnC9+t1/jdiLJ3vZRthJY8tdd/fDzDX76ouIe2PB7111vCqG0osEUvxu66uUP5h7DdXphVJbfz7XR1pBVZhJ1fjZnjrddh5Iop7qUYWvD9CpV8bzRDAxDB3AwHDrgsiQqqF5+JWkM3jMayNPbODhJ1XXlVJhJd45DohJA2XrnVhJrnazN1gC2opwE/IK5hINAR6qNFjx3X99B5hR4EYQR1V5VpDphNlwevv8AADk+QvAQNldrgwTHd/dYXed1kMTwbNEPDi1ScgGI7bBBHNMCgjGMOQlbEGBFas8r0Aho4uQTQ/x30aUqV2DkEF40W7468dvlaBpnFOSSXfMHAEhhvLoXRUQYbfbZjKRxGo2QvO6hf7P/ALMMCAwQ4vOMsPA0KMG73vQpiukIgLd2/HjFmm3O+tldePOkYz0S5wmU74bN2X78+PV2EGp8uNfsOCud7nRUR7ighqDiChTwbAsXFGccu1ABQjWGzA828wJmI/xIA/7nq8wc3PLL7q/7ucIOA2Y2bE2YjNhrWSea8GtN9N8kGdfKahInqqkjwa/3g6jO9HhxEaKmp29Wdsl08i2fflGnArqCGW0LjxYBx+XE2VMP1PXxjA/gyVP88AI7YHIF+FEYNDGY01/m3vutMciQ5v5V+YOT4ZXKZDNq51EHlDd7rbix6UdD4WT0zrvmm7J/c2desapGuV74qYPsue9cW10+dni9bFFmMP6E0VVN9FUWnlftUSiDS+hGmLiI7DLHQVycR/7X406I8P8APd2e0a/viJhMhPyt+mlnC63XQdLvnnehluNlN9n40JKzRhwGvdHy3WFryqM63jPcqODvPJ35p/TdlUk8J51xJ1Rd3pLpxZFXVPlJVJQGMN3uNG6xxwzYzyv4jNed9AJZ5xtBG1KxwVwYhbuIGk9R2mimqHDT3DjGSqkCh9AOghfvd14C+K+bKV1t5vLnK6YzeqjdCD/1RYJV5F1K8JBxl3rDztXtfkYkhRXZtPvjG86lswFtV8j8lkPP4yTxLLmXMqVoN68F47Ma3QJyMjKbLyqrqvbzlo2VVjlMUM2S29mfBB7YYJWK14x5JT211wz/AMuRQ027zdVxUQVbVJ06mST927048qfPOXa0SWi+yfQasy56+hl/YWWP49fjmmtpxpb/AIslJLZSGalAVqCd5hYY6KtI/ENvb4dMEEQoEBRamcotiQsTR6fVUDwlYtNTGikPl1//APb+bRthFV5yn/qL/Aey0Il8VUPnN8GOMvytzL+dtdrcjxSvOvzyMSzDivWKxJWSn9EB1A5rPqZyjMQAqum2xNj/ABP6RSS9webh1LAv++FVXvAIErGHOcuSNdQ6UWb1a8/bw2odXXfUZXg+Tcdrlrqn/lXDRSZ5/wCIwCoJLbRi1T8fY5lKx1qVGqlEqPbuQEoUhOnqFDGoCNPNQz4Z56IUyrD4/Gc8fcU07YcwMFxjA4TwyhpA3zGUnOcGFVj1smkn3mQ6lmvN/sViU/eNIKjrrofkTnGV3F0WHk36JJSoZTiKwJbZIzAADbjhJLDpJa7rvPlfjA59q6JL7raIKVmiVGZWlc+N5uK5pTcPQfElRrBONtN34GGlgHPSHnVFv0M0H0j6VmXia8shkABiUXWcAI+snUX1E0GmUF3Q4IbYvyjoZgBypTzCAb7T774rRaaAizTTzyoYo5ZYI5rK7jyzz4Zq5Qq6KaTC6jTOu4MueftHQX9lhQCznH2310UGH+cccEEaodWe6qeehMMUwjTy3UiS0G2nVmGUlnFn3nthFNMjyzggIp7I7DgQYqJR++tcEm31E9O9sbZ+4b8sMzSjE7r77JYj3aSxhvFtutNu/wDhNPV/tpVx1ZNvNfVtHrDLLj0A+SrZzS2CXwG+rAOCzOoAI7zoxhVBl5Z5dVFpD0gPHboYgIgCOBByEeqjECGa9td7ZlxbDdvHqCvbHr7zTF4YMwcpqC4guBzPLLz/AE/+8VXz0SWf4GfWfbkUSs+2y+4w/WKLfwysNuSjOIIuNC794qtvelCwdXWSdQfEXOz+iecFQ5BEGW1uvjdmEuihRVWZaFJFebIZNuIW0ceewQT/AL4Y868MnF2k/e8t4Io+8Metm3n/AHw4EAN5xzXvvdhTr2uwYAZ7LymSNRTxlxEuCCCoIdo+WbfFRVwNkR4KEsuw0YMBJNhYAxtGW2E+QdTZz5IAICsnyuv2CfbPDjLvLr0TrLR055PrqumXC6eLnXznDqFVfaN1BppxXhbXdhX/AL4wsAjpC4ysosf9hz5fDarlklgSiSGpHo007qnsqPvKqjproosjosz+hDXXY4Bic0bqLJPFPKBNBvnEI4jnkueFUZZfXx4guuugs/hC720S7yzULZeSTTLe/wAvNmkGutzNI4rbqo/LKLx7FhSCo41TlAbIy6e3+5GSUfIBzhwdYSTAyiAxbv4aJQsjRSCJRxA/h4GjzBgTDhCzQH1rK4R2FDecLfMB2m/GUAj2DutMvuctBtNVFmRdNnGu2kHHheiMLbbrBQMJigCa2gWg7oT9+v3PS4CobJo3mZElxh33Yzqp764pxCSRIyR0SqqJjWBjXhcdfsGuLwRSz2hxgxz9RlVTWE74/pnEWGBXOtPNfs8aZucdPd9ku1n0FUlWzY4Y656oVacKaKJJIR9MWvKK2RqSDVJkLboF0RH7tVFpFl/lA65Zf1/n8OMJnjyZsxDvDXhCBopoLU8ehl/XU3XpJ2WGl0QC3UVEGPupvYAksvOyj88e8e0EkWVH0rZSxVvxLqSqKKP5r6bojw1h/HNO4np52J8k1JoknGam5aRaFrkSYP8ALLgrElmr+5qVzXbnAYJptICR8EB0bKRNNtZMeYVVjtNVZz7T5N9pBNURET3r2aC9Ev8A6SQVbyyjqChtXTNhnCmrg96hksp+6+efEVdI9LCoWZmELom5F0AkJhP2O6u5ITv7Xpr0Ku7MV1uAn9NfZ+/kQHjkiqh/EEv/AMLzFhZ0E300tMtdov1NEhwX2MP+PWXl3G13GV73Zj7eB4V6pLKKrVL1I4JaDyzoZ2Kw+Rvr7RHbg1TH+Lgc4CxSq5yE/wACliMnxAtRVTOqD6SVZEJHRaSSqGOSuc9Ad1qd1xpJ5Lpl1MddvPLPrpQcEH/9MbB5pFxVtl3mMlLJHVBNyufoSCri3DOTAv2AcQMImyS7Uc380ke2cWWJPGs+jQBmUfQ7iMzjTdDFFaWmvPoNprm9Jqy6C8YqcOEpFFRBLjhNrUAEQ4k4Pb99hx0UMFHl7ugtB5UuqyOWp7bxTRCHG93/AMuvDkayjhF7vhwLDkKiLJPq0GR0g2JTWPlDlFgZMMgSRe14y7eaKIYR3441KLTYC4ViozbssliEmsWWbes6yXbUSOeGCMN9z/XSJfCQYVZFMjOGFI4mCKrA75lgLPlxsqtvJleXqvukNxGY2dvoQCUaOW/H+R21NR/6s98I/QxcYFTRijs1aA7R6d/8ZV5HOzXo6+R/uNBECNOLVQJEK/CMCHFEdJhS/wB8FHmTU2cQhyRwTQbPSiRgKsjS7IwwLXYYYCpACzDwLGiNCP7DJAOqXEQAkEAogFCSrT9qc2iYfGDkoovoQs0n3P2k1/M8UTe0n8FH9t4SIRJY3hRRpAgiTgj2UEyhc9vf1kXYqUTyRQTxxDJq2QBKzEG+4kSxa9V7ihiFFyzgno2Yq7khSh42VQKtR0bZsFg8qhM+RFl6EF6UI8Nh88MxCg4aZn2POwdFlNdVmHaE5C5K6o6gINMSjCQjyAyO9tOIXm0qgmrxxQzRb/AHSYCRgA1yKgBCteZyhZ6WmHGlVd1lwWgToSgieesVawW190QcRWe8Iz7TdYo3cCzLuCa/5gzzJkVfX+eVmdVXlVoRKzrrKpDXHvNiwDjAGtP1Wkf/AJZNJZ73gEsc4FBIFQW/GUUV8OAAo2jPyG6SJ5RRXXWdVGOrr/m9dGlzA+crtj/1e5xpvkfiQ6Um7BguPb8SM0ftBUZN7dFhBxf9l59y8SsGyq2sgSfoUgo0st315VF7/wCYVcYZ8bplsvGGcLRaVBNGGcKCOQv3+ysyTgadZ43anAWubEpv1sOuWzjd5Ivh2pmSN67dGzE/4viYXfzU5lPb1+6cfQ5RVTyY98fRXtg1JmGCEGBEkAAMLJP7YYRQYz7ydSRTIirnNjEYffFab9gFDJFEPRJ40YdY8Owr1p5460nKOggOCLjuRIWvZAMU7A0bNXUXlXUyn7tHiUaVUAhZ4+40ZV4Ucb/xWSXYX5AaMoiPLBHIAMMBJBJh885cb838+VSXXvrhoiyEQeYaVopeHPaSUO48WbWT5ohNl931umhiWVtw6z9r3RAnIvJZWuLTNxmwSqHbTybExYydZ8h23/exfGOVX08fdbYdaQIGHmhXNJkMKTPMEPAGS+62n3wQ6bXdV2p9x0bOerqCDmLSDJRU/Vx1aw9+3TtCJU+5dwJKQ5diK3H/AN0EsT+BVdZ0MRPGOLq0E8Rlxw4UsRECEFOPcysAzn8NGnlW9nnHXRAYTQxYSw2kDTDAV8ve/fXGHXk2dpnPun9/vchCSoT42Vl1elIPladH2+0NCxh4NFPAfzr819uJ7h79J23gZFwWButeW59qbjk0tWzTuaFeklFne5oR30lUWau2VHvBlHzxQQgCUwHATyxLj4yWAqs3FlUX2gkdUzsNN+ZSRp2FWOu6irzHml2mXnMvSRbuOqF0fnhXIglPNsPllmgRI+FX4sPWsCY5DLESnSoWIocnV2FHWsNAAV3gnc0lNHfQG2ijwi41yACxzwgDKxlnRaQEEmmHxxNbIP589tKDByadE1izRKD1WV31kVkVhyK+8KCT3fbzEEQ7QRpjiYHR5utkpmuf5KpD6UrHW3vSof5E/UmBkJeABlm00FmXWd8jHSwBxwEvQgBSRAh6oClFjI5n09UmniLOeJsIVFUyTXN+VMzhGXaPn0EXG2n0fC6P9LX91k7BhgPHXXkWS9diDoN5sUzkhnoyxROetdbNzpA5uSzTypc/Z62N3Pk3seJSXizxDwjOjxBgYgQjpAhAybb198Wk09VUeZwjkm2ka3u+AehhNNBv0HnFl1XGbgascF6XQSTpDj4+8CSKOlBLK+ezmuyGe47yzWt8NNbdYMU5UBASyoPtNfcuk3E/uUzwXXyyCAjSQxixzyLghCyxyhytuBW0OwV/MXgDlEPt1Ym4yTwTxfR+s2EFFFMn4yq/dU0YS6vnzBn5DZS3wW6jnWnhEF0/mZby22PcsMTfbO3AnWxRIr99vG01v2uEllDT0nSTwzDCD2Dihi7jznihyzYjzdNsXV1GWXngGkNs0nAQGSSTQxiE2fx0lk2c9KsNudoekfzMXbsoYkmusmLITyVLN0XaGgbEUGJcUNTyyGUB9XxRAn099H0tGd12kn4hkgaCC6DRwHAhjS7wnzxihCWXwi+dTGVHX3EE3mukUaUkADADwhK32NCKZW/f86fsOqreUm82+XBiTkPu2gyocySqiESivEyrmj7PBiERYwn1882FXf0dtfkvvtl2EFzz30jCgaXSgUCnwypiHRaBhB1yTBS163U2E0lgF8G19zZoLrtFpa5X/H24Ltek2LbM+qJuQ1d+dG9dlaRee6B2PDncLzUteHjVEfJ7J8CbpB4SGEWGVcTvHkme9qmX1Xwy5XRgQxiEzAwxgBABBC7CCib1mxxHFMOm12VjmHuH6EmpjXhwme/Vu9V5L9eWHDDrbNMU79KpUr5aR/Je+zxuEyfCO+1FcL96TrJ8SqQiL01aCg5lGtqcVsPAk+EW2Ar7bzCDQiR3xTAARDjQi16yzIJXij6wbj91i910YJOvKYQjCRJI4lRGdum8W3HHuQJDhayWnuN10m9YrTiwaOKuFV8Ms7UFO6n202FaLyRwQSRyN/k4CP4r9tLcPdUUqnZ66gwBAhgyhxDxzhDzz2BIKY7bgQATM3bHiPlll9Q8/wA0EshYCgIoVFF5LF9JVVe/8Q80GwlKKvsK38gvC9lOPdRlF5kN3/aXsiLKia1UiBPKayc6TRaK2/8A4s5o25alvuvrGnLEDNFHBFFIAsFsMHEMssvMIPuFMiginp/QUILlYGCDCjtHQJRVdQ5ZUZQcj+NHAOjQxnNxcEFVcX/yDwW/lrdAuddYET2qC8HTGTgZqBNDIuCm1oy307wH8aZjGAOiLoJDAdbNCHOBHABkHGjGNt2VvqrUrqqrIsHbYS+8WBZLABmDWEbXdR1YaXVWtzNFGkFtDeYshnYxe++1zgfyKqIb09VX61YyhlARMPFovMHODaMOgh690xiPdabggMFpEOBPP5xBNIIDPALKHBDKJMSYFCCGpupui9d9zcdXqa/sjNMGENcdW0+wb215/vrDKBnQidDPNmGhe7CvKEf0m7E/aMiauwkg9ayAMDIIrsNOOClfw9f1wwyITXXMAkltBCOGHDLLFCGGCLOKNMPALOQNpB9oispVxwWedXd56v43tVJJLIY773yzwx811oiABEt25/F+/QdMoT+B6KfxhkPyRKBUH+DHiSYcFGHOihpuiOGL+1cZ38rtTwVIKIgtGFItEDANNKLODLEEHGODDLMENmXNGKJ9a7RX9aaLEIWHLjMdG2Tz697tiy547/iFAJM6yrpJPXhnkndKRVEuZiJ2qUQwCwcNAdP2oOzUP8aflispfd514/pAU8caPNjonJLIuHEKLiuNPBKDNNJJEILoj+1viqs08B4T2pEBSQcbsHeYWew483pzs00g7EIJGBMHqcIfpaeKXQ7GMlWwcnV4NVZ2Ny6BMU6LF3gALqdAj34aeX+0Z7nF1wTzCJv9rEPMIMFLB5AEACH61yKCNHDHKXt2osZ94tYbZrMeRWfVRNoV8Q60y7f8uu489FCPNmHIJTAFcbIO2LjSTl0ZUBy6mzR2g58Go4IYknvnuz7PUaoK0XsoAPXu7SkLIDQDLPAKOGRVd+pgmz89/OU/zw0ya6B/a41005ZSwxeVeRdZUor14YY0w6994w4+6O3/APcRYxSrBI81Un7ieEu2/wBY9J9fC9NPXv50ttY95xk1Jg+zE5ghd5El9lGWCMKim2ySzCumCCecrPHLjzTDzxpJZN/aIBRxv33zLf1z9kQcpVgb7fvBJ+33DbbyOrzzT3bz0FIN10YYA5p6IDDm5SrEsxJj9XpsD39JR48V99uSybp1pFgKyazfaqKemaq+6+Oq6iOLX2D7fxfHfz/7zj/vD1dXzhFp7fHfbrlhRqfPVpBLqHPzxnXrLDX/AHw/48z++yhfBDcTQv4ARHR58DTvoQCZLYOd4fD5FubEHFXUSAFQWRS+AoHRvrjjmlqglighl7z0081XX4UQx37w698i76x9e/U+0/7+62+8YBc98WeQZRdXX48/4x1wjy274xLk9hi6+r68+7jnEX973auotOPVryEBI0mh2k4VabtBjpw5XFJqQiSfIggggggohoggi2acVUSbfaST/wD+s/v/ACn/AB61XfXuyw6/P73ZaIFVW7aTWbVaQRX46wwwjhq/2Q7g1w7lZoV0by0U1u85qSJiC1iXs5mvJrbgnNX+20741iZYDEaHf8aJNtjhiogkigilvbdXZXcTbTbffdwz/wBP9ttfoUv+2WmtN8Rm3C0iQxZnWUHtF33lKc898ICd8dHOZPZiivyprb2MVCyJLQy4YFlKP7KFRYS1JvVz995VU2zMCAyM3r8ebAoo76YMKKIJZ8GlHEkkUXXWWEHsffOf+vf9f09W9UfN/wDjHJZtFg429V5ZZ5xNBW6+PHWApw1pLX+Wi7XUWieh3Sr5zO8c5k/AMwTmz0qswefkJPbgcEqYp8YQw/oQnmHaie+qzCKC2G/VdJHDFBBRJBDnjD2Hbjvf/PFjpBTZXHr30koQ85I5xNdxfXltoAoDT7KM8QpNTW23XbfmGuaTLTVzWBvoLAywoWji7oY8kV1FFnr7Jmu6M8kIOvV0Lgt+q66iCyiOu4sFpFTHttJJ9dpDT5vjn/b7bLhQspfVN/LXpU9go9uFtB15vVxxkP4YqC2UMMWUs+GbL/30qUIKMmYHF79J2EY41al461pc3xZNWGn2oo4G0kSZ++uInZB1WiqKCK+CW9gFEuTz5xpVphxxxFtX2r7TfzMl8VNVzdX3qJ5MOK4lVhBPN3L1vD1MQ4Zk0MM4Jr3DzDF/42aKrBEcQIAKjuUYYSen2YsNQRRUuG4AIUwM9AV3v9IqylHryO262eeN89VQiSHPJBdNJcVx9ZLf/pHX/bgRTPbF5hf/AKXBKBNiWea3XbTOTxrYeDHObDNJENP733w5sS3GwzcEzPPFMYPBKA1ypMznNGM8HKqmkCFBOGGXrFv61xi51gr/ALraJ4wiAAHLs9d312V2mlnlklUfO9MvtWE1Le1FefPH0SUWa6OH/wBZNk81GRBMIMQIccoRP+brbXTAiJ//AMxeaY4Q0w1D+W0cGJm48qr/AASKqSBgiDp9kQRzcN584JZboujdu8jQbupKLLr/AL/P/HDLnDjTLHlDfXv6PKigJTfHXlUBUp191bXZ7Bhl/q3UoYEX6bnL7QJHTrzE/Di4y9RH/PimqEfxU3j27sro5/kEOkUMg4dVv9tTpfR+4jQcowwFYcAR4UMW2WeWKjnXX/v/AI5920w1SfE7yS+ZMJi1++x1ObxzM23Q8Swe605o6APBt04y9rzm2168j/E8q7FZFkLx0vWTLh9173BlGIflM96yaW13rA7rI/64XqxhAPFAJODKMdIFKipqmtio/wCffOP9duNP/HUg+/vXZqU9N++fP+SQlJcmklGWEm8dpP3RZMN7JJJvqH7t+rt8tKy0Jqh5DNPIHCTx8zM71088jamHsn1zMc8c2KOWE0IeYjwmkCRhjiCiapJRIaIKaMsWmnPM+NcvOCHE5PWnDnO9fede9Cg2VF9lWWU02lHPNMIhwZ//AGD7v+qyyeQjW7StsHbJ6oQEoqILVy8JWL39EPnxZhjmwXaW3SFXyZe4O2IYZhcEMssN+S2+eA8yK+G91pl9/wAa1eccZYbb/HKlMZdUdXURFWSxZS+wa/Swy361lJE8+/rnw24tkgtLtJWo8Hx0WQDdWbT6QLCFAIFAwLYm2ogHKOmA+drNXioDJpkoNPdAIFGtpzqasKAPGhmvrzSfbfdWWeSdWPcbwNLktbp2RdeGa57fUVfcVc8/Zf8AdaOcNOPqu+/MqbKbZq2zcIaN8N8uUnGjeixLCWfQ7Wvb+Rq2M1oJsdiC4qqZrcigKSBUmTHzZ8R0yazAqZa7MN6GW0nk3kWE1GiAnnxT5L+kfd8N4ckk+PEW02WdOG9Bc99dcoZLv5O/ffpw54Kiy9FAPcvZd2GwpFrb5QQTSCgobkk/9+/fzjEBNfLIHgAJDmhHxyECgUGRC4GkjoOZIYfx2E0V3VHU0nlT1XSgw4eYZltvJ6dMPMlGWes8fNkQMcGct/8ASXCrG+7kQqSWF+gH73HEkAyFRJrhTg7U8xgpJdhdZtyxP8cQOcEIM8cChwI91hJcUM9MkM80W800cQqDUg55BZlRJNNlZxv/AAfNkkpcmN1cvirz8wUWQ5w3f37w/wAvMceNvc+9l3DzYapu7o1lu8cNvXwD4YDGW22mwOgxGQv4oeIcUtnZLr75wQJ2DoxAW3wTzQAwCSxJzTCTi8NaaHT88Om7SgRyS7vf3krTwDi60H+MfO8mV1cffPdJ+uMuNttVOP1lJawBLV2zXcyHzt8duWZR7c+/0GnEg6gFTvDTChSTjID/AOy2i71PKKfsgQQAAcsMogoEIccQQoNLS63M4DK2m+j6MmPD/lJR6EAcEXvzUhZZvJnbLHb1bvjbbD7hbFBuSf2W71pt6EN+B0EM67BSQfKu9JR4RBtBi6i2aK/jo6fKbmeOKvFRZcDwgcQsQ0w4EUksoI0AMoISWOGhl8pVbDPu6WE4FNZ9iWoY4Ghpg8B1TTZPPflV7rzPvjD73XqPmOOgV5/1+OyGVlQA072l+c/dZh5bizBhtbyCuDLp/Wq5wNC26zGPq1HIcAMwk5gIUUwYgUUgoI8+eOG59AxBh/ye6CKD4Md1L+UQIj7ONpkaZPLfDuXnXP7t4UJrvTmKyYtY1RQVbbmEwgAkEzdE9/pyjkWX4ph5deCyevowmuAtd9TTTH7eBYrpkQUwRgcUY0o0UIQUAQkTTn2hB1VFhxMeq+CsS2JpHCf88y6OgbYEshfP/rTPbntVVB52rX2motVMFL1zwvsg5ppw2suNlLsSno3iR50e1s2anJuv+TAqV6z5aziNFeFt9pMZEkYUptUA2qo4oIELzm6ixNH9V7WkaO2Ew0OQIS8Sk8GW28GHc0QRZJvB7PvTztRy1ludgxf8dKZbn0CNxtpNEyq1o5fHYNZF/wCVkl4QsuvRrKnnCavoq250YSbuMeYWCLAcMWTWEFNDFHPhi9bbioRe0w429+bAyAEKgsvLKABPKttYPpoynhPLPX828b0ffg76TXTV6CLnj5y2bbZW7XIqhZTr3rib19SKrkSRPhLNCrAbXEvWDvnrUdcKGIUfKAfabYZYVVRBCOIINReTPIDaa26y6b0cd+zIhuMBArrghnohkhVSh7vs20SRVT+UGM/3fbaZ+JAApwxBNeKZzdjg3RQPYsaUx/eDvgZTilUuvSBFOI8qlu9Gj2WKREdbGFRdRRaWXRXDGGMFKQMVOKMRVT5zVd4He0GghLICRisokNCwmCk3/qmGGLfQbe87+f0hRXfYUk129SSIQ9cmnluqdV2wdnWshk4Qriki2Ws2WAHGTbp290KopIn8sd8y0xx26ZZedFPDBMCZfZGOPNAaZdYz+8851AJFEOBNrvghCBJNNmrP5gxLlKXQGXSNSnBbddYEBjz5/TdxwEkCmhi1bmOqOrumYBMKC333MbwHIBbLKdQDlMAwU5m50R5x57V0wZefDaZXAGKUTzpKDECBBYQXbWRmBPgArQioCOikIMcOHBHFQeb8+rffftIX/wDf0lhTHfeO/wBZNWaHanm2RtB9MToNBw10Z7t51lEENCyxQZIpIgm3gqbb7yS/FXbjTpRtFN8uQUY0cYsws4U0AkY4xFl1Q8EQwEskmCGyEGGeY2N0NgAA40OqLOlvNl1VdzsAMAHaL3VdRqGNYmaGA90XnUINNDV2TzGGX3quSGueUJkrN1uY0KDLvX79Bn/v3rhhVVBcM140Uod++sMQYeuwZYkkMyy6QMo+6GK6Ou02UUIDh5YE8ZmHb8Frh1d1UwE4Oa7Hb9R0Tnpw/wDMuLE5k8CUJs5vs2wR/NeR5kolayh9DkwvrTdmx1zi4te81+548y8y9NPWDV7SBCXABKNCppvZSJlrFWfAMjljNk1sjrKikqzPMhsmn85dYrUWIIELABwl8YMcRseTU4T5ceGhbaDw2bz22ixbcpBF8vpvBI7ZGA6KjGJhB61t81UYbcfw67U6/VVXALEAPAcCIMGJn4033arvIQeiFFsoqhvnjigpP5/teB38qv/aAAgBAQABBwL5EXgf5f8AnrYlkjHAv79W7jjj/wA6bFHIo4/4RMcf/OJSIwzbH/Cp4HHP/m05EIZ/qH/Qo7mMf+ZykQp/8YmNY/8AMHIcskKeP+OjIcP/AC5s5yIU9P8AyClgxq2L/wAoyL8iMcf185/0aPcNY/8AKWxJzEsCX9a5pDquRp/pEzI1j/ydyIw1GBL+sbJVRQbFy/p1LA4/f/jeejKX1Cl9/wBbKsjTqFGzkc5f06eDGf8AyNyKdLHz31pzwNObI08WnUwKbkaP6nJ7hrH/AI+z3EKaj/WSmomtyFG2STwKnnn/AFiZKOP/AB3JjURjj+rbHUyKJi0pRhznxkqj00uFdP8ALJkhAUP6tSGv/G5MjFzEsHf+pfIlM7iVo0sk/wAELgfMlqpwjTWOIeRUhU8f1yZ7jGP/ABhyIU88+xj+pdU7koiWBU2yMVEzkUd2LOLjy/rM5Gsf+LORTpfYv6ipXjEzKoKGDsKk2KGm2Nzds2lFT5VOBJRcXj+rUhx/8TbwZyU6WLJf0mbyrRiOpOqQpKNoQ1EaekfSe2UVNYq8B9yg4/1cXgaz/wCJe7lCCj/USZNyZCh9iWSFLBkzdmbZMmbZMmTVZ3klIqcCSg4/1SZ7jH/h2RRchRUTv/UYJU7Rp5EsGdubZtkzsz0JJSKnB5JQceX9Tkcf/DGyEM2S/pUjA7y5oitJndnZkZm2oyZ2u7ENKZU4ElFx/qVIa/8ACnIp088xL+lS3Ztm+TPQexs1dBXklInwRKDj/UJnu/8ACG8lOl9iWP6TGzPQzbO7N+w5mq2Nr6DSkVOCJQcf6hSyOP8A4Jk7kKek77G0ifGRTI1NXNf0+TJkztztyOZzZjoOyst0kpFTgxwcf6eMhr/wJsSyRjpMZu+Kp5wpJrPEV/MduGX4/wBRnbm2duvBnqrpSimVOD+3Fx/pkzGf/AGyMHIUdJi/E1JcyME2VsQiRm3K1BYj8p7M7s3yZ6OTzPgId1fG2UVIqcGSi4/0y/Iax/3rZCnq59hLZOGcFanpm58SlJnBcD/KNH8/kszfPwsmRz+Iuk7SipFXgxpx/pVIccf922QpWxvq/uEpaaerh6eOfx3L4jMms12wY+Gus4qXLiUqMsJ5/pIywY/7lyKdPHMx0JQUjQvjue9MzZ2yZM3yZtk1DmOV1/SeNx/bcariQ4pMT+Nq6ucHf4b/AOkznlCng7/0Dmaum7Ztkztct2N666H1fGo/4ovhKKqxar8BOAqsqZS4lMT6+bszaD6yZjBm2bZ6uDJVm0ebI5oT/wCcZzkQhpMZ+e6g5Z3Z6OduTUZ+HjoIYn1vE454eR4bPm1krcNCoVvDpx5xqTplPikxSz1WZNZqO9kLqYsn18GLZGOOSooUyElOI1gyZ/5nIk5iWkx85zwSnn4Gb5HIz89i3PocTHVSqKjUcHn10j18heIFXiIVUTpkakoFPisimn1GtmbQdovO5sUtuLdztswYMGDBgwYMGDSNGLTgprHDaqUtPu/5pyIw1HYS+a5JDqZ6Wejkcvh4MbcdFkdz6GMprtuY6f3GrKBHiT1J6wXHHrUetR62J6yJ6yJ6uJ6uB6umPiIHqIHnxPOiedEVeB6imKvBHqIHq4irwZ5sTXE1IUyDvgwaTSd7LbgxswYMGDQaDSTWJsjIks2x/wAs5YIQzzEsfMbwSq9HO/N2xz25tjfjbjdjou8XzH1YlZaatRb2sjp/Ixt5mWeZI82Z50zz5nqah6qqerqnrqx+oVz9Srn6nXP1Sufqtc/Vqx+r1j9WrH6lXKfilSOT9YP1dH6uj9VQ+OjI9dAj4hBEuPpi8QgfqNI/UKR66ketpHraR6ykerpHqqR6mkeopHnUzzqZ5kDXE1xNStgwaTSaTBgx/eSlgpU9XPuYx8vOCVUcm9+em3g19VdPHUex9WJ4itPEVBdJw/4vJqZ5kjzpnqKh6moeqqHq6p6yqetqnr6p6+qfqFU/Uap+o1T9SqH6lUP1OZ+pzP1OR+pM/Uz9TP1M/Uz9TifqcT9SgfqVM/UaZ+o0j9QpHr6R6+keupHraR6ykerpHqqR6mkefTPNgeZA1xNSMr4bZTo559/l5JV0iVRytnr5HIzfHxPrru7F1UeMRxVzEwYMdDGRw/6vHVya2eYzzZHnzPUTPU1D1VQ9XUPW1D1tQ9dUPX1D9QqHn1D1FQ9VUFxcz9Rqn6lVP1OqfqVU/VKh+qTP1SZ+qzP1Rn6ofqh+qI/U4n6pA/UoH6lA/UaZ+o0z9RpH6hSP1CkevpHraR62kerpHqqZ6mB5w9TNBpNJpNJpNJpNJgwYMGkwYHyG+g/harpbV0mRH1fGo/tuHWcDt/4E7O2DBjr4tgxfBi2BPDz67B69nr2eukeukeukeskesketkeskesketZ6xnrGesZ6s9WerZnKvn5SW6PQdmQH1fGo5pRcPgOmNNf8AgT/osdWK5q+enjq4MWW3BjoO8WPq+KLNCRT+E4GMf0i/5x9/6+ivyHtz8PBjeoHbqLr8VHVRqKn8RwyNNf0S/wCaXe0utm2TJm2TNs/I4ZfkPq4tjZ2Mi3YtgSvmyXSXQe/GU1Dk/jOCHFr+gj/Q43Y2YMf10e98GDBpMGDH9Rw3Ye7G/OzAlbGxWSGZO9s2SNPTZLrROIjpqzXx5Q1DptGfjYMGDGyNn/dZ25M/Ij3tm2TJkyZ/qaC/Efx8GBbF8BjF1UeIR015kOxi+PiuCkSotGflxtL+lwYtgx8fHyI3yZtkz/Usj2Q/g42pbHdXa6juhdRHjEcVk4dvluKZOlj5UbP+ox/YU/7CKyzt0cGDG5K662Laui7Ij1UeOR/bdJ8vmSI45lClGeSrwH3KLj0s9SNn87BgwYNJpNJoNJpMGDBgx/WQtgwY/rKS/JE3vRiy+Fgx8JC63jcc0ouh8tFRciHdnB95GScVIq8ASg4/EjZmfmpbtJpNLMGDBizRj4+DHw4Wxuxsx/SUF+aJ2WzFn08b0tiXwvuz6niizQkUO/UxtwYMGN6J9mQ9xwvvYvq8oqfKrwBKDj8KNpfMVkIRg0iMHbY8iTsxr+gwYMGOhDsMT2525M3yZM7smfj8JDLzOy6as+qvkvo8XHVRqKh3+WiXYj3KH7grq04qRU4MlFw+ArP5iFZCRiyOWzTk8scTSPkSH/Q5Mmd8OxP+v4T2slsxtRjcrJGDBgwYMCRjbq2YEvlNak1T93y0M+0U/wBxEboY7OKkVOCJQcfgS6OehgwYMGDBgwYuiNkhIURI52SwZPMPNNZyHIlPJkyOz+JgwY+AxE/6/hlimh9J7UvgJGTPwE+rEqR0VZIwYMGDBi2DBgwYNJpMGDHQQjBLkdpIjteySyVOEJRcTPVfy1aNlbAzBzNLOZpNBJZ5Wxd2fWwYMGPjIn/X01iCHbHVxvXSStm0V8pHiCxxFQj2+UjJW+yXdENrstklknwhKLj1HfFsWx8ZWwRiaTAsW021GRslO2lmGND+Bgx8PJkyZG7T/r/rqYMGDG/Bjo5ukYI9ZdRHjEcVsriMHqT1J6k9SeoR6hHno89Hno81HmI8xGtGoyZ6GTJqFIrvuS7IpfW19CayT4cfIzbO3N18PBgwYMXSEiMRRMCyI5mmRptqtkeBRGjSYGMfRxvwYMfHn/XU45kifycWQ1twYEYIx6T2vpo8aj+UHGk5HppnkSPKZ5TNDMGk0mkxv521M1M1yNTPMkeczzpHnSPUSHLI/ajh3yiLY+hK1f3Poq+dmTJkzfNs9ZCERYsiOZqu+Yh4Hi2ocmNsyMZyGNGDBgwYMGDBgwYMGDSYMGk0mk0mk0mk0s0mlmg0mkwYMbF3tP8AruGX5oqbMb8D342LZm+DBgxZISIrrvqeNR/CD8Kx5mKkMHMwhZQ6jR5sDTTZ5UDyKZ6akekpD4Kiegon6fRP02kfplM/S6Z+lQP0tH6UfpLP0qR+lzH4fNHoZnopnoahOlKAvacL7Y9N2lbiV+Rjbi2BZOYxyZrZ5jPMZ5rPMZ5rPOZ5zPOZ5zPPZ5557PPPUHnnqD1B6g9QepPUnqT1J6pHq0etiLjonron6hA/UYH6lA/UYC46mevpn6hTHxkD1kD1UWeejzUeYsHmIc0OaG7vZnZkzbNsmTJkyZNRkz8GX9dwa/In00O2DBjq4ukYMCQo9ZdVHikc0JHBPFRGpimjMSLSZlHlxZ5IomDHWn32ceuxT9pwftW19CVuK921bFZ08np2yj4NUqLVLwSoh+D1T9Kqi8JrM/Sax+lVz9MrH6bXP06segrHoqp6SqelqHppnppnkyPLY4M0mDFsGDBgxfFsGL4vgpQ/GJUgjykeWjy4nlRPLR5aPLQ6ZoNB5RoNJpNJpNDNDNDMMwzDOZzOZzMsyzmYZzMs1M1M1mo1mo1Gs1msU+ZqHIyZMmTJkyZM2yZM/wBDwUe7l1cmenizFdEbJCRgx1l1eMWqjNcM/wAoksFOabw6ZpZliqM848w1moyZ6lQVkccuUSl2Zwfbax2ltlbi+62q6vGHISOBeaZIdoffQyZMmTUajJm3IwjTE8uB5NM8imenpnpqR6Siekono6J6KiegoH6fQP06ifptA/S6B+lUDxHg40ZIpdolQz0UPYhitKy2Ie59FWS5mDF8XwYGjBgwYMGL4MGOhgwYNJjfjocLHESQt6s+hjqoQrIXUdkIfUmsxkqPuK3BNLMKSSI9hmDQOmaTmaxVRVDzDUajUajO6oK/GL8Cj/I4T+W575W4v62q6vHshHh3skTHaP8AR+IvMkQ7In0kSuhDI2lZXVn142h3fSe5/AXwILEUPoLbgUd+NmN6QkJC6ruh9RFT8KkxTVWlB+U8mnczBoNBzNZ5oqhrNQpms1XqkVfi1/jkUe7OF7yFtezF3bi/ratrIe1W8Pn3VQkMh/R+JR5xcPonsWx2iS2RJEfu0vhodo2p/Y7PYrv+lgstE+SXQUTHxEYEJXWxdVD6iOPjivUOCWqhTHAcTSOBgaMbmjyx0xJmDGxD57K6zCRT9xw3uZHsrqztgSGh2duL7LbG6EMp+1W4L3EyQyH9DgweJ/wIdkT2LdHuSs7IZD7tIW59RDtEZS7DtLYv6jh1maK3Ux8BKyQoiW9fKR4pHFbPhfPh4jtgcRxGjBg07n1JdmR9xQ/cRDsOys0IVmOztxXtsrq8b0/arcH3katSzJjId/6FGDxT/wCZHsiWxboj2IZC0tyGPY9rsh2iSKfYlaXx3vfW4NfkVd+d2eskYslsS2r5fjK5034K80pJraxoxZocTF8Wx0+0ynyqIhdGB7GOztxPsFsV4itS9tuCeJMX2TGSY6skefM9RM9RM9TM9RM9RM9RM9RM8+R6iR58zz5HnSPPkefI8+R50jzpHnSPOZ5zPOZ55556g9QeoPUnqj1aPVo9Yj1kTxGsqmgj2RPtsWx2gS2IZDtZiPrpPa7Idl2J9iPZErPYl8N731uCXcqMRjr4MdDJkTstkb4suqrvp+MRzCD8Dl709jtpti2L4MGDHSRW5TF7olPpS2V/YxWe2F6XttReJH0SJEicc3yajUajUajJn5HFfRH6J7FuiSHdDI9rSEfXSe9XXYn2P9WQ/hvY9jFZ9VHB+3LtjZgwY24Mbs7UMxZWSErLaum7LreKRzRZ4FP82mMwMdsDs7abYMCMGDHR4v8AckN9ilvV5XZWX4SFZ3do3o9rUuclaQxjJodsmTUazWahTFIz0sXbSM9Divoj2RPYh7GQJWYrMXYQxH0rO2LxuxXW76RUHaI9z+KyIx9RiKCxTH1c71uSMChdCvLiKcSXiNBD8YpIfjS6jsutxkc0ai8FeKsRmNmLO2RmTN4mLYMb4Ry8cdDRUan2RQ+tjHZXndlT2ysh7Y3pdrU+ckR5DGSGiSGrPZkyKQpimKQpGejLUKEZop02mVMYI693FfRHsiexboEhjEIYuwh2/wBWYj6HaN5Cut3+iXdXjtVpGDHxF8DtBdRi24sl0PPpxPX0UPxWkh+MD8WqkvEa7HxVZjzI0mDQeW7LpP4Elqi14bLTWpjtgxdq7W3BC2DHQU2eJL8sv2o4Z8o7mK87yH2dkPah2o/dqXuQxjdqXuRxK/EnBFR6RzMmTJm2TIpEZimKRrNRkyZNRkz0+K+iPZE9i3QHZi2u3+rMjsV2K63/AMl0EIfxl14rsT7LdjbkfV4viJxlh1ZseWYFBipyFQkemkelZHhBcJEXDxRGmjyhUGMj1GKyF0kU/wDHWezBgaMWZkkrO2SHfbjf4mvafxOEf4x2u0R2neVvsW92pfdoe5EkYRFKZOOllL6K8vxK0HEqLKsxmoT2ZNRGYpikKRqNRkyZMmTI54I05Sjqp/5CX4vGTN+J+iPZEtkd0R2YtiHsYtiu9i3/AMughb38+ivyRUvjoY2roIry1SZThreFw0RcOhURUGLhmelPTI9NE8iB5cTCMmbLpoYhi7C6SOKWmvMpPMION2hmBoaGru8e/Rpw1PDUOz5S0+JLlEj7Tg/atrGK87ztLuxXWx2pXzLtGPYUNLKq1FOphFTCizT5ixXo6Kmn9ObK3Aygh5O5ESMDVsmRSFVFVFVPNPNPNR5x5p5yPNR5iNaNSNUTWjUa0aiuxdkS2RHtiOzFd/QtrEO6u+mvc+iuniz2P4iOEX5lUfxGYMDeE2eHUs5ehCj1V1Y2XU8TWK2eAnmhATFsaGhoaGtqHvwcP70SjSUpEDxFfgil2OE7bXZDtK8rVffIV1slan3vFYJeIQpVHFTyiLwSkkL8jtk42n+KnSfIrE0sFThRUHAijA4psnwqZKjKOxdDG7F5diPZE9kSWxkLsXRkRHddRd7Q7va7IQuitktj+IjgVzbn363IwrYur4OKniDtwEcQXTT+Crq7Fv8AGFzg/CZZo4FtY0MaHtfQjLS8tU225Pmjj1/iZS+zg332uyHaV524j9yWxbGIh3synU1xi+Ni41ZnCcb5UGuH4/U2KvCoOagOerkqUZJxjShElQjIrUUSptMriQh97zopkqTVl8GRHsT2RJXdo3YujIQ7rcrOzsu6GU/sex3QurLZLc+sjgl+LH3MGDG5dNXcjjZckIox0wj/AETFv8Yj/ji/Ap8pxyJiavgwNDQ0SQ0NWfSxbi1/ikUe7OE90iPa63O87cV+49kdn0R7EO94niCqKSaWSvRdCMSFVxepzc3mjxDoM1a/yyOoKYq7PMjIcIswPvb7vKmmOngV8bUjBpNJgxeRHsipsRK7tHtsjd7pCHdblsdokin2H0F1ZbJb31uHWKa24MGDF87cGL428ZLnijHVOK/on0PFI5oM8En/AJMS5o8ysj1VZEeOqC42R60p8SpmBoaGNGOpGOp4zk4vlDFL3HC+9ke11sdneduL9+yOxdiJHurx7FSjqnJx4ZFSg6ixKg0cHwlN8/Eo4lngp94lSJg0mgjTs+93bBJWxbBXeMHmSPMkebI82R50jzpHnSPOkefI9RI9RIjUcsi7IqfWyJK7tG7I3e6REd1uVnsiSIdiW/HWmfV3tVn1ULlBbV0cGkxfAlbBIRxDzNnh8NVRfBXUYhi3PbxkdVGovDquirBpkJaZtajUYizyoMVJQearws5yMreJUoPFLiqdfYu3RpT0s89tsqp1CHuKH7hDtdWdn2s7ztxvuWxbIkRd1ePZEu7I30oqcOqguC084xwTiabqz7qz2StgwYOJXJFOOTy0eVE8qJ5SPKRoNBoNBoKK7i7IqbES2w7bI3e6Qh3W6Ox2h3JiJWfUxvlse1WfVissqdrro5vm2BWRhWq9rTeWzwqPOT+BHpMQyI+wtz2zWU1R/GZ6n8YqHFcyFZSNQmKQ+wuaKDxqhxbxAqLLm4/74et50M4MEe3UfKZT/cRDtdWdvrbLtbju8di2RIn2rx5Rzl2QpGdkt0vqz2S28U+SKPRdqf2LsipsiSu7R7bIjs7KytIQ7rdHdAqWdnd2W975bHtXX4f3oq2xvzbJk1GbZFfAo2qE3iLt4bHEH8t2ZEYtz3VVpqyFUIVTh+IwxT1GRSEynL6rPRUjLjKeulIeURycLTk1qdOuirVr01ng6vm09XT4hYqMj7kU7qzsru0uwjjv47FsiLZRrQ0paoM8tMdFHkIdE0tGk7kos0M0CiYs7Md57JM4nsih2fTpi7E9kR97u0e2yIxDGK0bSEO62ojugTs+9ntQ+q/jxODWZlTv1kh2Rk1CMiKj5nEv8LcLHTTXwl1FZdNHHxxXmIjI4SMcxY7RZJ4OJ/KBwtXXE8Q8N1flHg5EI4WI80eJylHSvC68ozVNrp8cv8kj/RSurOyu7PtbjeyuhbIiHer7jBzFUmiPEVBcTM1TNUjmczVIzatNRWVVgzEZEoYuhE9kziuyKHZ9OmR+ieyI+93aPbYhke9mKytIXaz3PoQJd7ffwXsfx4nArmyXfdi+DBiyFtSyYFaXc4z6IrLSisJfPyLqeLxxWyhHCybgJ6lkwIlzRTlmLVCXlzxkq8PGfOlRw8aHA8UlGbgqcvLqRakqi1Yvjf4ivzZ9IofV1Z2V5CHbjParq7tGzvVXPZEia8msUjWajNuL9gokKQo8rq0tkziuyKHZ9OmR7InsiPvd2XYd0MQyQrRs++xbF0YD9ysu9ntXTd3d/EicEvxZLqMSvgxZDWzi/djhI5qR+axH31vG1+3LhFmJpRRnplilUUeXmxPMia0a0RniRxMcPNKpqVq3isYlXjJ11h0DGCnxCpvMfGEUeNp1XjoeJL8he04Z8o3VnZXls4v2Csru0bq1bYhMyKR5pGZrFMycT7GRiZ0kWh2VpbJnFdkUez6dMXZFTZEld2XYd0MjaQrLtZ97sjd9iPRifytGzF22Ldm+TNs9Z9SgsU0N/ASMGLYME3hWrSzJnh0c1M78dN9JiGLa+h4ys04vw1asryD0/POlSPJgeVA8qB5cRQiT/IorTy4ynVnHT+l1iPB1EenqYJeHVZH6VWP0usR4GrEpOeFvZ4n/ABIew4X2x2uyvLZxPskKyu7LvddrVt6QleIit7WfRxnPQQennSXId9bzsmcV2RR6dO0+2yI7u30PYyNpCGK33dkby7ENyFZEfcMhaR9CurPYt72Pc7vqdopdZWwJGm2RlUZ/s8Lj7n1cGNq6LsxdXxOOaEjhKuiWfWM9XI9WxcXIjUmyMZsjQYuHieRAjBRJSsxwRpNJoHSPLPLR5J5R5ZoFyMHisPxi6XtZwb/FbXZXlsreyQrKzGf6Pu8O1uJeMHmM8xnmM8xmsVUVY8wUxVEKohPJW9rPo4v+BDHIoTwjUpEZ5dvvZM4rsil99OH2IldEex92Q7yHZEiNpkRisu47wuyNltQj6Id2Mj2s9n2Ie1b3sl8SCzJKp2ti2N2N6tkzeqVeUXbw+OIb34gxeJM/U2fqkj9UkfqrP1Zn6qz9W2rou8erxUdVKoqHuPLZ5bI0mQTRSYjNsmSQnyMjExs1mRiZkyZs0I8Tj/iKP2cH22uyvLZU9shbXth2txXZCvgSEKPMm9KzQqayM9TkSfNKPIq+124r+BjLRTXuUFjJFc1bPPZI4v2opffTgInsjdDvIdkSI2mRGKyHeF2R3f7Fb6Kf2PtsZkVkPorfLausu5wqzNFR7sdR3wIn3OLf424aOIR3VZYizBi+LoSW1dJ2iId3d7WsrEXpkeqgj1tM/UIlPxFSaUe9s7GRd8kpZu2IyZ28c80WUe7OEfcXa6Htld9xi6ULcT2Qt0EV4OSKcNMTGBd7Vfaz6OK/gReMOktak402J4aJVcHmERGCSOLX4op/e+ccY2Q+xE9kR2X2OzJXRIiImLZEd4jtIX3vVvop/ZLsfV5WQhDst8bvY/ho4Bfk3Utm+NmdmBmLuyMmRs41+1R7oXJbuLf43ztSMbELpOys+93d7UcRHTVmqfNYio9vxRD9xCfayumMiOz3sT2cVzpTKfuOE9zI9ldDu7Su+9n3fShbiPbZbEU+95d0Q72n7Xbiv4iWeVP8Y4p5wzy8nc0EVaPNlanhZ4v2FP76cD/RPZG8fsdn9Eh2RMQiZEd4DvG8hdFkOwx3ldCHb63q7+Ojge0iTti2NmDSY2oVsbJGDi5fmcJHVUjv4oStg0owaTyzQadi6bFZDu7vajxKOmvIpVWokeROQvciD5IyJiZkyZNQ2ZG+hEd6vsmR95wvvZDtdD2u8u9qnul0qdqkdSFQPTnp2LhWekY+HwQTRHLPLPLRjAiedLP8o6FSeDh+ESFw0WcZPRiOZMjAjAUTSRjhore1nFr8Cn99OAif1siO0fu7HdExC7kxDsymO8R2l0mQ7DuiexdJXfx0cIvwfRVsbcmo1GdlTtatLM2eGxzPO6tJ6ntVs7WLpuzIju7vajxiP+XPDxUoipqCEcRFFJ/ihbc2THZWyZvkjs+j+ZQ5VCn2uh7Xedqy/OXShaksyNCu7M8shSIcJkXBQPRQHwNMXCQJcMlgq8Kkm/MkapMdNiiRW2WTi/YUoOWrpwtU2RHaP2Oz+h2ZEmRI9yYh3gMdo3l0pEOyHePckO8eq/kUVimvgIxurD5JjZ4WuUnuqd3tWzOxD6TsyA+p43H9t0JJI86KG9SJwaOFlmnETMid82yaiRFmbZM2yLYissTKfviU+zut7tO3E++XShak/wAkSrQiS46mh+IIqcdLGaM6bSfqaMRcVCXKlFyIxwJs1Gtj75xqRKmpJr0lMrcJSjFynxESXiUYk/EZyOBk5OV2YOLj+Bw79/Tgf6J/WxDtD7uxjtEmRI9yQrsgMdojs9j2on2F9DvAY7/XwVZ/C7RSHuwYMbewjJnbUK8sQdvD44p7pvCZGbb2aDFtIokY7EPpOzIdXxiOaSdDmeU2acIcmzgX/jI7MmRWV8mbZtFbuMWKkhe6JS+962ztxi/ybFuhat7JGTJqJzysUqn4HnEeNrRF4nxAvE+IF4nxB+q8QfqfEH6jXKfideJ+q1j9VrFXxCrVTiSEeG/y2M4r2Mp95dOIvoqfWxfQ7R+7sY7RJkSBIV2QGO0by6KJ9hDvAex9ui97F8OC5onZ2VsWTvi6FfBjZNnGPEbUFiEd3EyxEp2wUqH3VWLYMWVXG5bXsY7R6viMc0JlFZeJ0dKy7eHv8WR3ZsmNkI5HBq+GKO/xD9yRn2lHY7q7tO3G+9WVo7FaFqntdsmbUn+A5dHJkzaVvDe8r4Gji/22U+8unAXYqfWxfQ7Q+7sY7RJkfsgSFZDIDHaI7PY90rOzIDHeXb4EhbF0HuRw0czRU6CtnetjQ1bjn7SHuRHtu42XtUI6VaJKrMlU1JIQkVXyFuW9bELq8THVSmqUsMeO/wCE4nmJfhwPLUomdmTUJmbRM9PxNfmL2o4d9roY7RvK0rcf3jsWxCI97S7baPtfUVpW8N7vYzjP22QT5vpRF9E/rZH6JWjZ2f0O0SZEgSEOzIDJWifSs+ij7Vv92ZEeyfWVntXQe5HAr8mT6EbZGajUarYV8itJ8hHGPMzhY6px38ZlyKmuZpYoyHUkkLiZIXGRITjI0FXDeJw07ULetketjKaa/JlKL0yKUp4ElNqXCy/OQtmd0X1PE1zRB/gcL2htYyN5Wl2tx38bKy2IiLvdieB24fsyXfbSSckcXTUdLI90cVQjCGRWduDqqEjzoHmwPMiOrA4qpF02Rm/anRcDTQKmhC3xF9E+6P8Ad4/RK0bsfdXiTEQJiHZkBkrRu+ij7Vv9iGId0T+A9q6yOAXucnsz8FE5chMryzNnh0cyb3VZZmzNqfMZ9mhHkirVIkWxZb2MR99OO59BHFx01qgqilHHmwHVicHL/IRtkzvyKXT8TXKLpe04N8o7XaN5WkI47tGysrsiK6J93ZrFuG7Mqd92W765PkKztLsama5GWNlPuiHdjotR1YMdCNp90L7siJK0bO32rxJi7ECYrshZ2jd73aJ/K0fsVkO6J7V85HCLFO+bOysrMzbBgwYMXVqw+zbPDI8m9rfcdpEI8hkE+4hEaGtaqS/PGxDs+j9jFsfQR4rHFeRT7FVLGThniaFvyZvB9PxH2oo9mcG+S2u0R2lZ2432qy3R21fdIji/CfyK3fpxs/oRpyKixcLJnEeFeTS1uBFYId2Z6URE/oX3ZCGMj22favEmLsQ7MnsZCztG73u0Re60BbkS2r5rtT5U1uwYMCFtWzOyqcQ8QduAjinurP8AEzaPMZJ3SJ9ybwjgqeFm6ES6TsyI7vo+NR/OLh7DU5xZKOOVL3IQjPRh0+O/bKH2cG+T2uyvLZxvsFaD5xMIwjCNERd7u1f3y2cH3ZX79ONvpCOCnCFWLnLhpFLyos47y2hxyTjiEzh3nPTjaf0L7EIjZi7W+7fd4kyPYh2KmyRAY7R6kSPdjIdtjuiXRXyXaXKKtjp4EjHQqPmca/xVqEcRS28VLlaRTQxGbOWEQ5shHzJYn/ihsVn2F0XeOx3e7xuPKm6WRa5HpKkiPAtYe7G1dPi1/jZQ9zOD/kK6HZXls4r9tivk52RLlKW3iPfLZwnuZX93Tj3t9K3D85xNBpK9XL0unpRU/bmcP3fTj3tP6F93jZi7W+xn3eBIXYj2J7JkRjGR6TtEh9kuzI9j6u7odl/QfZSWZIqWxfJkzvV1fF5dzj5dlTWZRW7jJc0JndiGztZFaRHlDPAQ++Nr/wAbodo9F2XYjsexbfF45o58Pf5GTWjzBNvbkztXTr+yRS95wj/KRHsrrY7SuziPZKyGZ5J+bEymxFT3y28V73s4X3HEdxdKPcZ9W8JqRUpOtVUnivX56KEF2rIqftzKP2J9KHe0voX3eN/qyGfd4khdhdieyREY7R6iIdiXYXY+rvY+ivko4RZmip0UxbF0JW41/mcGs1Fv4l5kzsUzJHuNmTJnUxrOIxflxJtylnYxEemrO76PiEc0JnC+9HlmhGOounPmmQ96OF/cI+1XQ7u0rvuVlmEhXo84RNKsiv8AuS28Z79nDe84nuLp6kOawc5HCfjOKq1f4cPBdorDKxUX4VCl9kXjpQ72l9EbfRG/1aPe33dDELsS2SIjvHsPetn0Q7E+x9D3LpLpqz6iOAX5Mqd92DBptnqT7GStLMmeGx/JsW2by2PmIbFZMnnBCDTKNP7nOIpUVuiLv0mRuunVjqpzVF4muuup/I4f9xFPtdDHsleXcl2YrM4eX+KBg5IRxf7stvG+5XjDJHTDnUnqF03A04Qlgpc5ohQ5YpR0yP5IqFX21Cl3dovowtP6I2+iIrfVo90fZ92QhkT6JbGId0MW5bH2I9kTPoYti+C9sbOz6SOBjybdsXW5GDFnvmyfJNtnhscRbe2q8RY2RRg8ts8k8uBmnEfFxJ1JSFGrFZlLJCOp7kPpMQ+rgmtNRnf5OSrymyHviUuzuh3dpXn328FzpIUpi1W47913VuN7ojDJphElLJFZeK0FEXUduH/cgOOlC95jnmZU7VSl3d0+hHuIl9ET/Z9ERW+rR7n+z7P9ivEXtHsYh2ZGy3LZLsIl3GOzuty6b2x2PpI4XlTNQnswYHtRgRgxbGyr9HEvTB24KOKa3cT7TykzlE8886TNbYoZKnJGhlGBxdTEcFFC3MWxbvskR2PoI46OmtMpSzCJnfkzfPW4pfnIT5xdH7ut0rInaXd34PiacIYXF0T1VI9VSOMqRnUzaNuN/iaHel7kcSLpIY7cL+7TJ/ZH8pyZMn2qlLu+nG0/oj3P9j7ESNvq0O6P9n3aN4n8R7GId10Fsl2tPuMYtkdjsvgLrxjiC2K2bZFtRk1b6mDj3iKS5lJaYpbeLhKSRzgKqkxV6bJOJqRgnR1EaLTKcWV8tspxFyI7FZkdi3MZDY+gjxeOK7OFeYbMmTJnbpEjKNRqMmehxq/Ni7RKF1Z7HZE7Vfc7uKZ5aPLRoErxtxX8SfEvGnFqfuRxJHoqz7jEUP3KZP7OxImT7VCl32LfG0yPc/2fQvsjb6tDuf7vEVl2P4j3O66aJ2fuGMWyI7v5C6EVzJrkY3sWzF8mTKM7Jc2eIvnFUI5nFb8mMnkQZU4GnIXA1YkocRFEp1UQlkjjGI05IlUkjXFiHslaPUjsd3tR41H84vgJcmt+GYORqHMyZ2Z6HGrmR9iOGftHsdldiKlq/vlZWW6NuM9qt4fQVanUjVpunJxQoymRppGiJoRoRoR5aPKieVEVKJXjGNnel74EhkiZPtUKXfanujafcj3P92/2Kz7Wh3srQP8AdvofY+9z2PpRJfVvsYxbIjsh/D+urw6zNFXoq6MbMK2Lu3GSzUOCjma62o5E6FKZ6CJ6Wshw4hC7ktjEKz6DELY+gjxqP4wfAvuZ2aTCMmoztzbJno8d9FP2HDPlEeyVo3kIqW4r3u0bLdC3Ge23gz/cPFqHtnToZFHFsXStgVIf+q3LNpi+7Q90RkiRMl/9Cn7ty2oRPuI/3b/YrO0O+yN/ol2srOyHte17In2ruyGKyHZD+K+nwK/MqvnfNsbFZsV1vkIqvMpHhq5t/CyxkrO311GLa9i2+KxzRZwT/I0mLZM9DUarZvHfxvZFL2s4T2R2yERHaQiduM99o2Wx2hbi/ZbwjvM4vnAwYNBg0mg0iQkOTly04K/3ao+ZD7svoZIkTGuVQp9+nEj9E++z/dvodqfe/wBCPq8+wru76L2xPsYh2QxH0IlZD2vaukh7HuR4eucip3uty28xbXaZUeE2eGx/HPwsEtqsxdNiu+jxq1UahwrxNDlbJm+TUajUZGZ3Lfxi/Eo/yODf4i2StG7tLtbjffaNltXYhausxPIPDY6ZyOIlnljJi2BXRJ5/GMNKGV/5Wq9yiskoYtIZIrS0oj7JEItMwzmczJk5iyYkaGaWRi7S77P92+h2p97sifVmT7bHdj3rdEXcZHcxEuivhIluicAvxk5dFWyZ3ZExu0zi5Yg7cHHFNfEkLsK6sxbFvZG76M1qhJQ5Pbkzuwad7eBTNYm2KDMHF/tsod2cHyyR2StEdpiHbjvcrKy2rsQtPsYKc9EmRTZ2slsSPdyjHTarLTlzllO1XujhfcSgmOg8jGSJ/wCSWFTSRxPDto9NxAuFrnpKx6KqLgZnoWLgCPh0T9Ppn6fSOL4aFKMWT72+z7P93dqfcdmRPqzJ2W571uiRJEeg9r+Mh7onCrFPpJitgxfGzBgl3PEZfikubKSxFL4bI7voXTZDq1VpqSIy5K2d2OnNNkOHbI0E'),
	(19, 21, '267706ae-daf2-4f7b-84df-b8cd39d5be48.jpg', 'ID Document', 'data:image/jpeg;base64,/9j/4AAQSkZJRgABAQAAAQABAAD/2wCEAAUGBgsICwsLCwsNCwsLDQ4ODQ0ODg8NDg4ODQ8QEBARERAQEBAPExITDxARExQUExETFhYWExYVFRYZFhkWFhIBBQUFCgcKCAkJCAsICggLCgoJCQoKDAkKCQoJDA0LCgsLCgsNDAsLCAsLDAwMDQ0MDA0KCwoNDA0NDBMUExMTnP/CABEICAAGAAMBIgACEQEDEQH/xAEUAAADAQEBAQEAAAAAAAAAAAAAAQIDBAUGBwEBAQEBAQEAAAAAAAAAAAAAAAECAwQFEAACAgEDAwMEAgICAgIDAQAAAQIRAxASIAQhMRMwMhQiQEEFUDNCFSNRcDRgJENhUhEAAgIBAwIEAwYEAwYHAAMAAAECERADEiAhMQQTMEFRYXEFFCIyUoFAQnKRM6HwBhVTYrHBIzRDgpLR4RZEohIAAQIBCQQHCAEDAQUFCQAAAQARAhASICExQEFRYTBQcZEDImCBobHBEzJSYnDR4fBCcpKiI1NjsuLxBICCg9IzQ3OQk6CjsMITAAIBAwIFBAMBAQEBAAAAAAABERAhMUFRIGFxgZEwobHwQMHR4fFQYP/aAAwDAQACEQMRAAACgDnWAAFMAYIY0MCwadMAbQMCxgDYUAAAMHYgEbRTEwadACAMAKTCwYDAsAAaLKadjQ6lMEBCGlAcIAQxUqSICVJghoE1CGlQyEqQhpUNQlUqAQgAmlCAlE0omoAATSiagAhAAglAAAEDEAAOEADCUAQacoBTacaAQc3Ry0t8d5WBmpjHSoAcAMAIQwQMQAgaoYCYAANAxA0AJoBAIQIAEqEShIq1EdctoRgUNMGANMAKYCMCmAMAYFjcsbToEwAsYCDCgChgDTRMKBoGnYADAsGAmFjcuxsNRKlCVJUNQACGSoGIASoJGpRMEmCAhKkIBUBCVJUqUIEomoE1CGlE1AmpQAE0omQgBAQDUqGgAEDEDEwhNMAFAIYAAimiNU0Tzb8sdOmTlsm81UBTGDGAOEMVDCRiSNKmAAAAAMQ0AAAgTQAhJoEFEuUJJsWkVVNPpAAYnYMAYA0wABp2MGAFMAYOwaYNOgAGnYAIMKAYAUMEAKGFgMEwQB0AABYNOyhPUBoQEIalABDQDQAQJpRNAmQkxZGCAhJpQCENCVKVJpRBAmhJkqGoSZKgATUoAIATRDQSoaAAQ0AAwIAAAUAhgAMAA0RAuXu5sppXm9A1NDKChoMJRjEAIaEmgTBDBAAMAQNACAABAgTQk1QhISTSRdjkuGh9IAUNMYFjEwAGADCxgDApgDaaDToaYAUA7ABG0UMAadACDCgBGBQAjAoAGBYJljadjB6kqlKhqBMlEwQAhggATIQCpUhJkJMVKkSMlSagTSpNQASpNCGpRNQhpUMhAgAlQ1ACACUAENAAIaBpwAAAoBDaAGgCTSaDWbjAarOhMCkygcowGDEmgTQhoQwQMQAJoaaAAQCACpCQTVJNBLmlLmym5HrOubiB1yxOhpjEDadg0DAGAjApiYwKbTQadDTAHYAUADAsYANOgBGBYAwApgIA6TCwBiGrCpdlMNQVTCGpUMEMlQAJghoQ0CZCGlQyJGlQ0JMiRqVDSpVMCGspkIFK5ZCGoQCiahDSiaACENSgAJghoABMIAAAUBwNMQIEJNmtJXOkYs2nKmOBjVsYmMBgkwkaBMEmCABNAAAIE0AAJyghK0KxJqpQrFaBUrK1nXGuNh2w0FNpjE0GnQAMAYCMChgMCmDQadDToaaAFDAAdg0DAsGmNDsAKGmAFgwAHYAIAUAWU1VgmUkyEmSoAAJQAQMSYJUoQ0IYsjUIYsqlCTSpMhKlLIEsjQhqVAQgIQ0oggTSgAhqBDhDFQ0iGKgBMIAAAAHKACTSITNts9ZXmzFaHmjGpQDaYMATSACiaRAKJoQ0AIAATBJggESaEmrSalEnNSF2ElDtXm3pOmb57R35sC1tA2gbQNp2AANNBgMTpidMAbTQaKbRYwKGmAFjAGBTE0GnYAIwLQHYDQMLABAHSB2OoqxtOkmgTIQyVDISYqGIkxUAIahDQhpUNSpUhJqEmpRNSoCWQQAQk1KJqENKgIAFQIaCACBNAAoAIaACAAAQwIBAJzSqaOsc5a9HJtjWDi86dKhgwAGAIAAEQCoAE0IAABAAAIAQ0iQEgWqamxJgykk2UprOua7V5vlifo5MTtKQMTGJjE0GANOhpg07Bp0NMblowKYFjEwB0ADAsAYAWNosbljAsYFMCwAABGBSYWMCqc1ciYSwlQyUTBNqEMJGEjSoaEqUIAQ0qVKJVKaSahJqVDUqTQgISZKk1AmlE1AAqAAFABAgUAAEAAAAChoAAAAJchplunRhXky+pSfPa1yrN3rKyhMGgblgCGhDQAAIAEwQAhoAATQIQJyiTVqTmxbJQqLFTcr0Vw6VS+SJ+jkVLtYEMChoG0I2mDTACxgwaKYFNpjAsGmDRY2gYnQ07BpgBYwAadjE7GBTAQAoYIAUMLACm07GDskagTJoAjPOOPnvSR41XVxQeuuD0OmJGtRJhI1AmKk1Kk1BNKWRqEmpUNKk1AmpUqUJMVKlCAVAAmoAIQCiaQAUAAAAIAQ0AIQS0h0c/SvPel4qGsaQC6XlrFgwEDEDEAAAIYgAATQAAAIAEAk0EuRJqkzUSdQqbFRY7VZo248Zp+nkCdrcuKQUwEYCsBG0wApgDcuxgDcum0DAsYFg0xgUNFjExidgAMCxgU3LsoTQApgIAUwLAAbRZTmtQVIkZKmGb5dvXl0zOm7OOfa83N491mejNLrhJoE1CGlQ1CTUqTUqVTCGlSalSagTUomlQ1AmoE0qGgTUAEIaAAQCgAAABAmgTUJNWIAvWKlum8VR0c+dA2K4F1rOxgoYAADQAAAAAAmAgAAQIE0CaEmiVVVSsgoYhgaTpKUqhgR4wn6eQ0U2haE4YnQ0waYwSUJjE6GgbTsGmDTpgUMEGim0INOwAptOwAGBYxOhpoxOxgUNCMChpoAUwKdS7mkyyQJQDOuXpm82ufg4F+oj5nvy9Ll7sTLo5+mpGtRDIkaEqUJNTSVTEjUqTFlMlU0oSZKkyVJgk1AmKgBAQhqUTQAIJioYIZCAAASYJNCTdmoLN6KnbFnn3wzpsQDAuGaEuKE1AYhgJoAAABBAAAFIASpCTQk0LoEFFSoYJjDSah0nAAeK0enkwKYmrcuG06ABtMGmgANoptA2gYFjaKbTBp2AAxOwadgBQ0xgWDRTctGJ2NoqhOwAGJoAU2nYA6Gi5tzSKbgAJpKiXyOrTtzrh4/ZhODt4PQjLSa0JpCGoQ0JNSktSktQk1KISpNSoCEmSpNQAKk1AmlABAQJkqGhDBDBDIQxUMJGIhgpuSLnUSh5vX0Za5uOXRhmgMTGIbAGrY4AAABNAAJhAmUhghqBUqSpEpoWkdBLKlTYIAGqHc1DBwho8UD08xpoNFMTWnLhidMAYCMAGmDTpiYNA2iynLpiaMRTAsYKqE0AKbRYwAaLG0U2ixtCUIpgIxOmJ2MCmJo6l2UmJACgE1nvBFkxGWzSgAk0AEJNCTUohSpNQk5lE1Kk0oghASoFAAqTIQCoagBADlQAACGCGQhipgIZCGUouEnSKIvF4vqUXnUc/ZzxCuYQ3amOE2xMAAAAAATBDBDBFEqVIQFiTkSeox1KDZIwSYFTcFzYmEAB4bD08wAYFg0RTl2tyyhENoqhNBoG5YwKYAxOxuWMTsYmAFMTsGiqE7AAYFjE6GhKE7GJ0wLBoG0WMBG0U2im0XOhNJKqQAmgBQCBNKgUgCUAhAgQpRClEKEglJalEKUQAglEEomhDUAJQCE0ABKAABAAACgAAAADFCzrNNAQqy3ze70+f268/wA76HypfMnTPnpMYNMAAAAABoBghgDBDBAAmpUCsUtFasUscICEMJYBc2FJgBAAeG0enkwFGixgQxOhgtCBtMYmjExgDE6GmDTRidAFMAYFg0wAsGnYwVNpgBYxOxidNosbRYwBgWDTBp2Ny6YCO4rWHFzCBTTAaAUAAk5gAVAQk0CFKk5lEKVApRClEKGhSgiARK0gaErEQAlYiGIAAAUMQrEDaBiYAAiIUAmud2uPdzdke92c/R0ycXb5GbwZWuHRNgmwQ2SMEUElAhghggBDQIAQClyG0aBoqlBkJMENCYxsYwcCYIGeEI9XJuWMTGJg0waYNNRoKcsbTQaYxMAYNFNp0AIxOhoRgUxNACmJ2MChp0AIxFlOXY2nYAU3LsYAxOxtAwLHUO50SdkgTSAlAStBCTQASoASahJqVJqWVSllUSxOkywqIkZLKpQgJUmlAAAhASgmAAJgk1KAINNQCG0ikpHBAqjY0vDWl08m+Xv+j817NmvhdPLjUBWNA2S2CYySkIaBMEAAIAQIAQhyQNLWtXGua2EAwQwSYJpjYxgQACYHgpP1cWIWnLG0wAGANywaFbQU5aNpjAGJjE6GgoRYxOmJg0IxOhoRidNosbRTAsABidlCLG0WMCm5djaBuasGim5dzVRVylUwgJsBACUBQCcogECgTUqAlSagTUqTUqVKWClLJSJVqWCyMy0QUSyrRJREjFQ0JUpUMExiAgVIiXKKXMPXPVct1cPa1m6bcu0tqgzacoxoDBDQJpRNACAAQIAQIQIlCSdL2z2za0VZoDAYJMEmCaZTTAZCAACvn2n6uIAFSRZItCYxMYmMTVgDFQxMYhKExuSqEwaBtFjEU2hG0UwAaLGBTcuxidMQjAsYnTaLKEIxOm5djcum0IwVlVD1i5pWShZ0xE0AKIIlolaAE1AmpUBKk1BNKVAKk1KlShASoYIalE0IZCVJUMhKiWSggoILIh0EFqWFUERcRKaL1z3g0jfNAJTfDY2c1WQGTaBgAACaUQAmoE1SBAhAibCSEdTda7xrjQxyjGACpUoSaRUnTpMAAAATPnmn6uIAAADJRpjcsbRTE4blq3LKJZQmMQjaYNOmJg5YxOxiKYmMTsYgYnYxFU5djAsYmDRYxOxidMTsYnYxBTl2MFY3NazTmrmE1KCM7aBRBCTmWk0AKBNSiaUTWQglQEqTFSZCGKk1AmQhioCENKhghkqAgGhDBA4ScwoqZcygyTZW/PpGvRleNKlQrl2dFRRmwzQAYhWJgmgAEBEpqhCCSUcOLCVWj3x6s29JvGkxjByjHEqioVJEDG0wB0gYgZ860erixMAFYiQaFpyxtAwdAENyxiauoZQmDQjaChFMAYiqEIxOm5aMToAQaKbRTAsbl2MTsGiqEI2iqEWNosoTsYnQ0XNVF6wRpBILO2glE0pFRm6JMAUCaUTUoms0TUIqVEyEmKhqENSiYICABUMhAKhqACUTBDBJqFLWak3LM6Zplc61OmfTm6K5zSgoYjdphFzkCYAlYIYlFJIpShpKhEoSTYQGjc6GvRnvz06TlGOBjlKdRmrmpm5qRiDToaYAAJnzoHq4jQDAAAAVginLGJwwKYmNy4Ymo0FOWMQlOSqEDAKEWMCgAblo3LpiEYFMTsGnQ0WNy7G5dMTsbljaLG5dlCeoAJVRWs2mrjNXGeghSuTnN48jBfePA3zfZvi6pbTQgJRNZACoZCVKVJioCBMlQ0CZElBIyVJiiYS2oBksjRKaySZKmUTntBnY7Ofpzeb0aYejnXLPpecJrQ0uLHneeTJFaAAIEwQApaoQhTUpMudRUTT2z6Y01m8abVZowV2XkOzLKNYqI0jSRqmBYNA0ANUfL6Vh6uOrljaAAGAoDQE1YmMRFCKbTGIihA2gbQNyxtFMBBoKEU3NUCYxNGIpidjExiVlKIl1nEOi+fSzYRvNCNRtFjaLKc1Y0FFw7nVzWucxrEuY1Omfj+x5Rln1ZVC13zeD1OVZvsASoZCGSoCVDISpKhkJUpZKQhkssBDIQxZGSpUgTUAAhkSrIh2llOUJHWvH04y2x5u30PifR2eX5Xbw89PVaSq5BxREDJUMEUEjCVSqVSFLSTNZ2JyaJui+jLoxbpPOnScFrTNehrCneEwz2yXObipTNACwABNA068eNY9fHjO3lyHlZQANMABoIYnaNAwBuWUIKEQ2gYA3IU5dDQUIGAFSWUSxuXTE0YiqEISSTnUZ0wIvXHXU2cX1xQnqM8PK5+hMdqdRVlAagBZpUXrm510zORdOU6c3mex5mrjGk2Y9PL1ZqRUehQ8bQyEMlQ1AmKhkJUpUNKhkSMVDISpCGpRMhAKhqBNABAACEQmqNM9jPPUxc3qS+h6nhamAbc9S2xMoTYkKlKlUgAIECEJNUpcpOdLRNait6ZtbTpmjHKMqWtY3wvUvfOY0msMt8Oe8o0ztlNaNMsAAQABXljXs4wtZjHn63HI3nFuaGJgJqAINAwFYmMThgUxMYgoljcuG5dMQUJjEwAsYgbRVCEpCCKkiLnOk0x6Z3ZveWnXnQnqfOT0Zbz1e143sDcuyql6MGy9sutno6m/L6J5usXwsO/m9PHyMva5dTydzsjk79qzqRkqGQhkqTIQwQ0omRJSlQxZGQhqUTCRkSMVDUIaVDUIYIZCmgzLVZ750K+Xo461I0mmnSWwUE4GgpAiVSqAhJoQKiXIIQs6z1kVNa1d5qt1m1aqVMJTSNY06MulimHXCl55s8+uXPpnnUWyBYxOhNAAICzzk17OSGoedsynbOON9fNBWGpQmACgCDQMTGIWhOGJ0NAwAacMTGJg0VQmMQMTQApuXTEITSWI0jJAK6lprphfTOzyrU8bl7uDpj0PZ+e9Gu+uXdNGnqOprWa9Dz+7F9ET83oAI8zi7fP8ATw41z5dM9PX46l93XyfUxprx9z0Tj2jYYqKIkZEjBJkqGKlShDSoZCTJUAJUpUNQhoExUBANAqImNcqvn6sYq3PHoaRoGsUlCFARQiG5By5gEAkUIQIQkRYkix9EdE0U6xVauVjJUwHtntlvvnr15Lgywmknjz3pv5eZ65zPTYCwaYIQAAEpwpr28UNCGKASQtEYcvc5eHSYjYmlAEAAaBiBuWUIWiWNoGADQNohtA2im0wAGAAFg0wTRM0iAIYCvTPTWW2ann+b6/kdeevs+P7lc+fdUvndHXO8m3O947N/N1j6OvL9Lzd6Cc68zze/l9fm8jLow2yi5haxvm8Scyt5qPY9HxPR49OnNrNvo4+iy1S3mRgkyVDFQEJUpUmCTJUBCTFSZCAUAgAAUlQpNOWzLplvl0mhxTm6pywchRJFEBpMopSopJU0kOVNjhLUekdMt6Fc9DHBapRhKA4rox6JOjDo4evPgTfPrHB6HnQtCgnSdzurmZu0AhDEBNZJzpnt4pMEmgBiGgiyWMtkcGnTyxTzuGIGAAAADEwaCnDWhBQmDRDaYVLpiYxMGgYmgBQASqmWBpGAVpGmpQGpj4X0nLvPk+7z9liY1KT1KvOtY1cVrL6OWzvxybGUbY6ixy5HTq6vJ7I4fU8v3s68Pi+qrL41fV8h53b1Zcutgs2tufoTQa64SoiRipUoQ0qTUCalQCpNQAQgJQAQCiJgkVhtjscXVnWKb4aY1SDOhtiaQ0EAmDljQCQgQkETRJOo06rXpz35bbHkA1qpuAaUpYHX1eVnJ7/m45ay4zyzvXnWtmSuAl62ed3X3Uhc8vREsvHPKza4dQmevigATCRghoSpSgIktHNh2zHO5UaJNWmIAAAAAxMblq3LG0FEuG0FCYwAaKYAwABAmiVQiZVO5dlCejE7G5djcvUoT1kuKsuoveRVFmtY6XFxRc58nZyTpm9ebOsD1NZfF6vR54rp8jmj6BeB1y9nN1bY1xdtKxJmogJUqUJUlQ1EjUqTSoahASoCEClAQJiqaUQ7ix6TEJ5b50UtM0GpQaGJwAAhDEQ0CqXKJCsSJpMmjqx683S1XPRScDGrpVKZ6cQpjoJ2WVmuPck5uDs5ZRwVedOzUw0O0UD4L5o2qIrbRRWNZtOtM9fJDQhgk0AAJhI0JgpFkkc/VMvBp0ckaE0MTAAAAaBiYxA3LWhMYgpy4oQUIqhAxMaBBMEMUpOxidjaNRidNosbRZTl6jadlXne86S3rOdw7NKi7ieTs5Wjz+7nxv1EGamMAcLj7RfF5vo3Hzvd6HHHR0eDzr9IeB2x6Kz2JVIXj+l8vLP0ny3sy+ymlSahASoCEmSoAAFQyFNoyx6KzZ6MNs2WgaBWIhiRRLBCRpENJDSVEk0IqpFomnXj0ctulWaNko1UMniXq5Yxsvs49CsamNTBV38fTsnluZt1rNo+nj768/r8L006K5dJYNdK442xE8uqzoGerkkwQAJhIwQwSYIAQ0AEQtJOXD0M5cKxqLExglYhGADQMAblqxBTllOSKcsYiqcsYgYCACsDUYmNosbRY2ixuapua1BhY7h6zrUXvETpnZpeV6l83Tz1x9HL6edNp89AMAIAAAUBQxEZ8feS+Fz/AEpL4Hb2+APqjyrF9PzehnUppUBCGpUmQgJRNAAoCgaI5q9CZcnpOLm5ejQAhQxAxA0lDSAEqEIJZThpHtl0S76zfLTpVnQxwnSlcFVktIRYdvlkg6c9GJOdY0ZuY2WqsjdUNZxEaKa1nDKunGqTXnhV6oHq5CYIaBMEmCGCTBJghoEyJKQRQRy9kxwa7ccu5FgAAAADBFCBuWNoWhA2mNoG5Y2gbljABp2DRTaLKExieo3NWFS7G09RtFl3ne8Xna3mbzo0w25t5y78Ns1ifLbEK3JFIAaFAIECgKAFGPj9/mr53qcv00rkUoghAgBSiCACUQKCIaAAUu8PccxjzstGjEhoAEDQoaECEjkStCopwiYyuvDqzrSlXLTpVmmhebmrRIZ1jzaZagr1IrvUPyfY8kxyo0x6l6BcEs1E8pNmlc8dGRnnt1rlnrJOHfmmgHr5CYJMENAACYIAQAJhLAQ1CTBAELSTkjtzlxedRQmAmAmrEDEJQmMTG5atoG0FOWNoGJjcuxtFMAbRY2nYVLoaeo2mlCesu4e5pUX055lZ1py9PJvHZSrNQLl0oRKxEMEUIUEQ0EoCARB5HrC47EytIlEKARKIATUoChoFBEMShoFZLQESsQAiGhKxAJoEKGhUJqwc0ITG1cb9OO/PTubxp6RvjTuzDDk7fN06M+SttefotOTr5Ok6yIzbEjFbLWRJUsNOIJmjY5tbHWclE80bV571n215ui94Hq5gAgAAEMEAIaAAQAhglSEmQkwQARaWObrmOO9eeLEwaBiYAA0xksoTViY2iG5dUIKEFCY3LsYnTaLKExtGo2ixtFlNPUbl6mlZ3051npGsnD0mm+kVIk5xtiMaYgbklokG5IYiUEQ0hQRKIIECpBAglEEAKUBACViIAUrQICcohDEDQoYkMSViQ0IaJGKrKzYNhD1z3l30m+eqpVi6dGPZi3Gs6x5fH7XktrnrK3vw4tEe3HquoCbdHJ1ky1Yk0Txd2RjDk0nXIiVCXGmledyezhrPlm+O8/SGevWIaoABNAACYIAQwQ0AAhoSagTKQ1CVJUAQtEcc9mGUmdjEDAGJqAI3IWIWnIUJjctG5Y2hW0WU5Y2im07G5LKaNShOm0WU5NStMq1nUl9uXJ05XLpeVlJqJBY2xEMRKxErEDEpWhQxKGhKxKViUAKUBQCFaFDEKCIAQ0iGJKwQxEAgZJDSFaEMQCBBBTZIXNA04rpw6s3S1WNVcaYvR14dGcuXG88Hm3tOvnqZpMEnXLQus1XqGG8JCEsrDh6+I0jTFKvPQJ231I6ZrTzauMp6Y6jzY6r65y25I3O0w3sBqgAQ0IYIAABDBDQkyEBSGQppEjFSaCaDPm61HK7xjQTAQrAGJoNBQmUIWhMbQjctaEDaLKE6bl2UIKcvUbl2UJ2MCx1JqaPN9+TNcxaZVLq5aSrjOkIzpiJWIhiJQRDQoaErEpWhQ0nKCIECgKAQoCgEDQQIAcitIhiSsRACoBDQkAQNIdoE1QMApVG2+PRjV3NZ1WuW/O9ek1MEXgY8nPx7138+cVFU0Ty5q9Pqz6JVLULC+dMc+3kWLwuy7rYi3fTPTjrJKSzRNxcrir2uHvXn6+O/R83vzjHdd+c9XPjp3HJ1I0ykAAAhggAAJGoABDKSaEBKlSEmhMROe8xxV0c8MmgaFbloxMYmDTKctW5ZQgbAYmDTsYnQ07G5dNy7HSWpYiyhOxhO89cxr25YrTPO9Lx0ioqSBrGgRmsRK0EAhWIlEKGhQASjSlaEAECBRBAgARAAqAE0QJpUAAEAlTEABCGkQaUlNDaoAY6m83o3y1zauaxqujDq5XqTV5nkdnBqzy6xrRzbqzmr0fPjz8VW8/Sb8/Rjc5zinPpPSr4OzzrnSddB7ZdG4DWpRES6mO2BjXFSi53Po3lXh9C5O12eZj60dceSdfP6ecZ63Zj0nJXYc3RYDVAAJghoSpQgAAoTQkyEmEjSoYIaFFhz49kxgIlY0jExiajTG5qGJ1QmNoG0DAGBY2nQ0WPr5e2x51rqcD7fD1n0Hy9NVz2tzr0x068nltBnaMb0QVM3ObIGNCazQCUEQAlAIQKGglEEomgBDQQCJQEAIaENCgBKxEAAJoE0CAAAQFJyNq7BgDTK1z2y20jTGquLzq+rn25XqSwmfPxrk7K21nTzurKrPT8XfjxfI6Ofp6Z+j2y056EBN/PcGs/Qcfl7an0D4u6s9c9KctBFpZ0RlzY6xqTGkV6+mEeHv2Pm1NqxqJil0nD32amHN6tZePyerz9+fJuc3bPYuLos1GgApACAEMhDQgKSpQk0omCTCRoEwjHpmOS9MIsAGCjTBjgaY2nQ04YMGnQwBhQ07DXJ10LF2Lxva4emMNMZ7c+7s8vU9TTzuvU6R6XGM9uXPpztq0miM1U40hrGhBKIIAUrQQIFEEAAgUoCkaBQEAKUQAhDEACGggBAIAAEIYM6NNqjm5vU5DlaeoyCI6eXqL3x3l1uLxbqazrTbHr46XGvF3nk9Hsz74vl4c69Ls4fU564fK9LxrOXow6dT6LTPTlqfndfL64KRrLBj+n+a+jU0mlQUKnA8dcznm4FN5nrGk+LvitCp1zZfn9XP1xPb4+u57lZ15+lyEcnH6OHXHBPRh6uUdGTrqXJrWyYkjKQ1AmUgBKkSwVJkIASYSMEmCi3HMunOWBUJjgBwmO0acNp0MIYA2nQ00AdAOhhY2npWduyfJ9k6Y8zqu+vP0O/l9Tla5+g49fEx7OP0ckBaoucalNY0gJUBAglEECBQFDQoABAhoAEpWIBChoVNChoAQDQAAAIEAd3L6cPn6fNjqxjIGGpEiV9OOptvlrlrU1m3U1nW2W3l875XseT6vo54eV18dU4qz3O7zPS5b8bwvU8jUvq5u6z2+h3m/Kef63ldMAgtIT0fYTttgqaDXO5iZuTmjSCZ2uPRA8ndTQZ57owznPtzvg6enUXfzrh163zaZu6zpJ4+6tTx9Orbtjyn7HDZ52tnXOi5NNTcCxAUJoAFQAJkSNCGEjQkwzvznHorh7pYx6lGIJaGoGANMbTVgwYA0wadg0wadDTsbTsYnqOpel6ZXrPd6vh+hJ2KOPN5+bXHvzTRNE0s2FU40gWaJqUEQJpQFAClAQAQIQ0IaENCgQAmgEAAAgYiAEMSGgrrubFz9GRy7ZbAniZ1FRr08nXWu2e2VUnm1cvN6Pnvf8ADXXn7vC64A6bMPQ6IjvpZ8+nzvF1+zvHn/R6SEql+b8f6L5vWLVIn6Tw/TO61zL3R5nbXSJhUkEKIBPNQM9AuPN2aaExxHN1mpJSzc50DGN4rPXLI9Hlvn1NOrxOnrj0NuTXj025N3Z5+XrZ9c+LXRz9+XRXGanYRYgFEAACGhDBJoSaOHj9jHI6BqgAz0JeetueLJsBNRzRRLKaBtA2mACNoptOxidNp6jcvUqodmu3NWs9U5V15mek6ZOTl0tIlU3OLKZmyNZqAVAQgUoCGmgQQIQAgBAhQAhiAABCGIGgAQAgbA16deVO3g3k5aTUw3wJ0WhPXjumu2WubVJ5taZ65uXjd9anm8XoZ9Mx6PPyC6uDrPZy6uHltet5Wm8958nFe9xcVmGHoKOSuhGN2yU2dff5PpWaE51cIzQHE1yedXpcHOV95zdeXi68y0WqrvSM71tOeOlRx59uS8y1jTBa513ZPCzg4PSjth9PGY131xa4vS8KJ5e6d582Ouu2OLfvJeVdedYK46YAKAATCRoSpRJSFScqGhASgEZRujNxQ2haEFOWU0FCcMCmDQaeg0WU5dMTsbl2U4el3m942JfbnktMuXRgY0JqEnOaJqVASoFKJkIECCBCBNAgBCgBAIAQMkGhDAECGICooOjns6+bXnI1w6AaEObbBdt40R6xoaa56Zt1FS1th0Zvk576bnBHN6upyzeFnN7/AM/1x7/jc/jS9mOHpazt16ZyxLUsxcRIwGnDN+uufpZEjFRxcNnf5+cVSFTEH6DGufh6c9WNXaplsLKiyzKbmazx6Za4s+rDUzzsrmvWbOeN5rme81nrjB268XbGW3m6bz2PnvOtCAuBJE6rrnMDrgAoTQJoEyEMlQAhqBNSoao59yMNDM0ExuWtuGWTStpyDCm0WMCmJ2MCmgsbl1VQ7L0x17c6x2nUxanj0sklETDUrNpTMaKEuigilJFEBSSlaENJFJENIGkAJFJACBiBpAxMaTHU0VFoz3y0RgVkPQtjqtI0y00jTNdJy1pPPm8Edfi9c299bHy4dIvT5SPEj14PN9TLc689czOKiCWSzPT1Rx9tpXNSM8/gs7+GXZI5VS4ppA3Nn6LMz4ejVCty0q5veQp9c5LSOdynSee8senO65M+nLUwek0p1msFtFmOXTlU+55PqZeT5vseX1w9eNV3VxXL2HNUbmLNVmVdZLed5zveWqVIYIalABACGpUqQlSJYjI1zijPQbllVDW3LLEwaaDToB0mywVKgHYA7HSNzV56dueWXTjjWapY0pqZJWucucy5WChgABKAoaCVpoJZCAgEqaRAIppAIAEDJCzOTZ86Op8ijtOErsrgSehr5XrGdS60qaWtstctNM9M11NS68nb5EYy8euTfH0iYqYzz1iXHPXKI6efqs6ctM9M426suLs1WaJ5rcefwp3ccrQQDcMcVJM1FAMbGfoMM8PVWAxMvSNOnN0n7MKbI5o6cPJ0zmpx0zy6MqwVzqSUGU652KGVnaz1K4+idTHLc1OOeiDPSczorkqOo52brJGpkHRtxGs+guXfa1SsQKVjUCYqVISaFNIkagz0QEspyGjystxS05pGBTBWMkq1BZZmtTV4utzGtZ205q6Y6MxbzlNzy3K0UZxvJiaTmymSoSlaSikgE0pLInXPWMExZLQikJhCABAACpMEmQlSSRlSNQkAev5HsVhUbQVpmummO0aXFZtUuyXPx/S845dVw9M+n08HcTnSjOdM5cs9JjPqz9AjTQBVzxvj5vOdPHU6SCGgAAAAlomKmilQwR+gyPw9W0gSDTbDTeehxft5AGiy2jleQ0z8faY0leed4Hemic+fXmcePoZaeeurDc552x6ZhUrIipsUWqxz3RznRlCFBo8qXR5WlkNdt+J6noLzcrPbnx0vrrymemvNE9FeezsXIHSudmxi7NFm6tSxiKYmMVWS27JdMGnY3L0pyWW4dmrzqy6gs6Lx26YmdZWVaxYTmWU5zUnOagUqTUqTSiayliU1y1jBoVpqAAQEAAgFAQxAA4SeCarnmtlPRGL6IM/Zz7Jc9kZq59sqeuW1VtXTFp5nmc56J4VcffubdOWxOW2OUZ6dUvF19BAnyx083n41tztLJU0SNJKCCgkuQmkQEiB02ECaT79RXj725QxEXWdVvrz69+Ogj0ZELm58t8fL3mamWVrBvZzM9Oe6TnnfNrDLpjThw9Dm6TjjfPecp0nUyWk2KbkibRHL2cpz1JqU5Fty4twygBFtIdFstpAAAKBgmxEwoAGBTExgWNp0xNG0WUJ03JZTl1VZ1Zo5dmm3PtvO7i9ZSvKIm1jeU6Tm5zopclos3OdFLmaqXJbKMTUXHdOMHTlgsIGgBRSkLUi0kFOApSRxLu4LI+h8X6IIazc83sPfkrN3nnzOrXi9SufuVFiZrjtyHn+f6PFZlniaen2+f68c2nSolPizevk4IW8mCTCRoJorN1KOWgJoQBCAUsBoGACGfc1B5OtiS2k4KkL0ypOm+W+mNoWYs6jntJC7Zbcx2fK/U83THzHdPD2x7vX8wsvsMvluzOvay5N5rHn9Xls4J0jpnNVNkqlWZcBz9GJwjeiZQmOE2wQwY0TbWSqMzQszLCCwi2UlTSSipdFJsBjsVIKJdlOHVvMs2eLrZ4tNjN2aOKsvTHXU2ub3iF0QYTrlnUSljQlGbUzM1cwRSlRUilECmmesYFEslBJTjM0DM0ZkaozNEZmkyy1JHX7nWng+j2mdcsdkR5N90mWnPri3LRn3cPXuaZVlXY5Zp5noeWeZx+3tqeF6fqOgz4cu/g4lmktKIBJoEwSaASHLQotWQwBRznTnjNbVzh0vLSKBiYH2zzry9W4C3LWgUNpxVZhopQ0lQKzbj6+SOzn2neNoWvbml0xuc2WnPjV+T2c9vg/Ry451rK8+e2es5rRVkNE475nn1JVXmzQgNDNpo82uhDLJcUgGgoTQILBgCqbAbJbdSU6lsROnUlUkO3UOnUuiyWxG5dVUVZprlrqa75b6xQ3Zz5dGS88bZ43nGkYspzKk1KlREKyXMtLNpxkxyoYJURJQSrDM0RJSJVCx7862ba+d6GK0LNMdcS8t8Y5t8jN0yMKPS8v19TGSa7Lx0sPL9ArPXPgPQ8/kWak1KJoQ0IaENQgQ5CkCBEjSSGc2cvTpRw31RXOuil83XI1ns05unNpjj69UvN2CSqaCySLedxQkWkhKlU3nZ0c2/PHR5Pq+PvPd3fIfQejl6xx6anNzdZi+Pvt4tvb0eJ7ObdK8a5cOvDWcY0jUlNVM6QeYw1G1UrBgxwm2S6CXQqdNJKCFaJGqTHYhskoslsoGUMaDQNp0NNE2U6gs0eQbvnK6a43Z26cFaz6PV42us+seZFepjxZR2RwxnXdHBnnXoLzpzfRnzpj0jzEvprzFHprzEepXk+tLkxQJtYLmJbozVoS1gS2ky7+TtPQ5JR1ej53o4qGlWG+Cb+F7nzNnN7Pibx623V4s16nV837iFaa7iJ81e/z+IzaQpQAQAJoEIciASGlJSSGgEMJw1o5unTQzy6EGV6rzrbkTilzvN9HLpHc8tc37BJeftU81p0vkK63nUUFSy6ZA4ECKcUb43EX5no8G869Xj9ffl7Hnaddce7ZzfKfVc8vz/u8W0dWk1z3nz9Odc2XRnvOUa5WQW68gDUbHK2qACG6QGjjM1oxOgOd7s5l1Scy6FXPWqsxzuaZujF60YHRFmZs6wetGJtVnObog2dc9aaJzvZ1ldXWEbVZwadum/Lw79e7OPVrvjplppeOuT1UsqkZ4b53HFzdmHTly5dWVzzxvC4xtM0urDo5+jGXOejEDlqCooJaLi4HLgr0vM9Q7ct4o7ebpzROZVhvzpt839Jx2fN3oRc+v6pwd+Xm2+n5/BWaCJQAaAEIaJSkkoTMUpVVLIkoqSgl2yIdFJ4lqGU80t60048uurPFv2arzejfSTO897ffkjy9ebbj6R+J73B0zxb+rl0zzdERm9nR48Zv0T+a2j3Z8nszehomtEEHJ03c+X2eXfo5evfF3y9WXPGpfBi5fK9DyvajqVLntTUVnj04amWe2VkVNWeOw1NFSUpOGAaK5irLlmnpEV0Oa5ToRlG+dYrRazktM7MM9ctTpVTKNUjz0zq2nYA6VSwTmzRoFplpYCKqoojXHSze+Wunj7tfNpPV08czfbvwRr3l4KX3l4Gcv0EfPZp9Bl4M2e3l40L7GfkJfUz89S+lv5Xq47YxUZ6WgQVQpU1EoRcuRxUler5Xq13zcGm+G2a5aFx9mRjGvUeZ6cecnoedymdGd5S1U0AkUhDSlKUytqFFIZJQSWyCwmmCGCm8TPXTC1CSFxqaXfXZwjldTozTnRJ1arzj0OHqs7Z81eXp1nMpfSwx6Ok6teLr687rMrcxqHF3LxY+t5MvpPOue9HDhSQeP0nN6eT7PPVns9Xk9eKY9ZXlej5fdL157Yc9OampkzsWWs2Y2tNPCGalgDacMA2By6NVC0mZeqsazdFKl0z0zrMa1nPPXKzDHbDpnrTUABUXFWqmm00Tl05qbLAFpnYCdheehknFcJib4bGIbGIb1z1XQ8asuEoaSlaSVyTDEilIb+t5HrY64zUZ3aaHFQVUOEhFxUDmpL9XyvVr0JuStsdYaJlb5+I9Dg5VmgiURJWVYpq8bWlKLWZFw1SdUS7cQaBDpkOwzd0RRnVrXMmtw8zm7OZYL2MCJT6LkvOunnOpPPw5+Wu2OVV9DXi+xGPRtwS4b8W/ldSwWNb78NWej6Hken6ZrNxuWY2avIjfk6c4y6fO9Dn00qNM3Cs9zi8jHq9HL158fsj0enyqObLgVdl+nyR62G+HLbmoqVRZnnpFRpO1nzquNTQFRcXAINxEupm4tyGlZEu1YkvRmSDirJzvOyOXq5d561UqqmhxpmmsXFUBSaEc1NWDqNM9EQmGmdmVTRNarGsnqiClKqzz1PP7eL1uvHCO2Mb5V1KXmXUjknrqOI0ik1qYen5vomOema2ICamGIEhFzUjlor1/I9evQS5jt186s3Xi55zaUPNEKnLkEJDHXgrpeO0Ky1S0cQ9BZbEVIig6NOenkLTmys9C/G1OvuyxldTsZ5aJc8a5ovmW5jn0pN/W8vpq+Xqzrg873eNPOXc65+7m6zfr43L4e+BnHWuasui+fSX2dco3fWlm5KuBqqLJUvnejxa4126Ya89YdXJ0nz3p+b0+jnPd4slej5fqxv18HdHFy1J7PN1cvLdZbeTqcuvkR1x9bPF3c9RvhueFl04bgDFUWCaNHJLo8mapKLUqtSFG5mx3lYoqBcnXx7z2zcyppji4rbLSKpNIAU5qEty6V52Aix3nZmmS8um5jWL2Zjn0Uc/P6PHvHL7Pje1czl6XFz64nQjBbo57vU8ZaTvMd/D6ZxehxdhjnpmU0AmoACUBSc005L9TyvWjDL1eXN16cNzLDok5J68s3AqZZW02cxgHT53p+bW2865s0ENp00xUxoAHVx3vRwdBXjzE2aKHXq9Pk9ub38fU4nflhefn7s4wzJM60wr0dfN9qsd74k3nm9OOfm7MyL5PTp8WXcfMV6Guc+Ue1J4+noladPF6q66cPdY4qqyqgADPj9Dys31d+To57x6ObePm9tefvz86+udTt3eWNdPFyOvS4BR9Py74ctvxva5NT5hC7c+z1OH2uevOw7PJr0OfbEc3BNRYwk0JAqaluaguWikkakiVeVhFQXxdvFqd00pZqWOLitYqapOUYATU1TloVFCaKbmiNcqO2vIy579+/lMbPql8t7q9Hnej5uuOXveP9Csc3dz8PRkbFYTvJhsuhPGqI64Xdw+jHDsjWcouCiXQmoBMkEVNSNOSvY8f2Toz1g0YSxNTEzckZ7SuExZwxphHpeX6vlHZrnrmyVMTcaUxgAxDYtB1fNpNcvke/w2edXfdmHZCzd+nXla0h6Rj5vYRxUYGhjpZh9H4Xcq9CeZOiOnzaO6/PO/LTgLy9OTzjv5sDQuzC3dcXqeZ1C9Tk5q9Y8gs9deUz1DzdDt4dJlvq87vxqNsIl6cnaZR1Bz497rzF6onmZewgzuM6qbzrz+D3uLeMevlgz87XDU9CcOmUmpiKmqcuYoTpXFGkVC3IkpCNESVeVjlI24uziruERNIKi4LAoTlGOSpqKoCwqWJpg5qpzuDx/X8j6Eyw9nxsa5PpfnPpg8X3vD1xX0fz/wBHLPLz8/H1ekeX1V0LjwT0ezwPRT5WU+/I+o+W+ozeaNM0zippiYkANBIA5qRoRXteN7J0xcGoEsKpiVSqFUxzSSvLh0c8ej5nq+Wd93rHMuoOPSd1VbFzFUUhhOW2Us6vkUfbyxk+lnL38uYV0Kny5dsvnz18Mc+9chrz7qzPq4uw9ieUMurWzn287Uz36aMsMiz2H4jT2jx6PWfks9U8tr6R51V6Bws7jiadpxtepY3I6gW+TfaXhfcZvBPfJ556LPPPRk8+vQcefv1WRHZOXn+H9H425zdnG9zp8r6zhT511nqdHZ5PVL0FzLKaHSZLTjSLm0TEE0XNSK4sSaNOPs4zscsBBcaZlNCOWqqWhzUVY5ptCKppZqWLPSE8Xu4e3U9Tk9Tk568n635T62avwve8LfB/R/OfTR4i9rPj6fKPXdeOewjyD1EeUemrPM5/ahPNx1x6YxBU2gQAAENMc1IJo09jx/Yrpz0iNk1LM0oU1Is9IMsN8Dlw3wl9LzvS86vYtVZE3Bx9XL1ZuwzUAYgISYcnVnE1OzzhxWo8efsXn105Ds5NrOJZ5RhXRByaac1m+Kk9vohmYYHZn05nPc8p0dq5LPMexjWJukxN1bibBi9HGT1RJQRa0rft4uhOrTDY1cXmsdZsrQWHdEO6zYscaaZXlpWTy2mc5MPO9Y1fncvoeHrnzeL0+LrFWumWMdknDPZjZkrVZUOyoqactFTUlzUBcWSmjTl6eY6WAJqNctM6sBBVNNClc1NmkVNNpk3DBzVkxeZ43Vy9G56eXIs1/X/GfY897+D73gb87E+3mRRNSUiZ0VS2onWPWx14p9Tk4ejjxZ1zkIUaAAExEgxzUACNPa8X2zojbMtVOapqVECTnrBz4vnXPKoPV8z3PCs9xjIz0yOTr5enN6GnYMqpTUSxGGimaGnFc19QchSz2Y8pT3ox545cll2ZBEFTCy09Lq8r6WRLi3jLJ96k8PbZPHPoS+WdJc8z6KOR9KOd7OsDaIz7vP7jCO/KXk7OXtOK9SzO2CYy3BLfpeZ0S98Cxp6c/RlyVD1KaCrjlj1+jy/Q5aZDzUpnSvP9Dzt520wtdjJhhrjqcy0vWeGewrijtx1OY1zpxpmlxcUVFAmi+bp5zpEDTIvO86toHLBy0OKmzSKkbRSqKCpqpztng9GmO83MuU+0+N+x5b38D3/A35wDv5t+jaPL7Mlm5qkiiaLIqnLln7nzCR1NdJiCmmAomhoElphNSCaNPc8L1z0q8WM33sM9ZYTcslMlaBy5egHm79YuXN3pMXq4wXQl5H1EYG6s5Z6HLjWgZrWVx5u4PPXoZnkX0RLlesnPWwTz9JEY9Ich1hx9G2kGjpUtXc+dl6qrzK7yXz49Ga4L7UnKcD78fROX0jme0S5rUs5504zXbCs69HPbLN4evl3l06Ofo1Kdu5inSqio8+N+Ka9txfLeHTy7Rlhr87vPuvxJ1Pa5/Ma/Tdvlehw1oSY0oqafl+j5e876c21WZqNMjPRPOrC8bKgmxY7Z0Y9OFhNlZNiJUqfP0c50iY0I0y0zLaBpoc1BUtWXLSjTskAdxREVJ42/Pv0mpncH1/yH1/LW/ge94G+DA7+b1PH9nxPJ9Dh6NnuefXoTLjl35Wefl28Wp9r839H85jNbQ+mMwM9RpiTmKQhOaompgTRft+H7hpx9sS6J5SmvnZZvr14yX268NnuLxmeyeTonprglfROPY2IqGgBMMajSUAVJglQRGsnPj1rLkfUjkOtHKulGBuS873DF6AVbsoZSBUwQJkJNV4fN38/q823q+P3J0xy8010vl6mduLsyawXRjjXorPTGuGkS9ka8lnptreR5srTm2heV7PjZ163R5/bz3z6cm8uvz/v+BqVg+rTkXVEeh6nhexi9TzMWoJDyfW8fc105tbLMyW4U2KsrocNKcMM6mrx0zsbTqAAmlRz9POm7mgQjTLXItpgnJUuRpzWkuQqLSQVVUWZoDzYy6NyGwX2Xx32PLfR4Hv8Agb840/R5vU8P3fB8nvmuLo2z6sdJXya4p08XVyV9l8/9B8/MWJ7xCDHVgUS5KTRLRFRUjTRXt+J7hrGkRpnpDWWHTGXGbY50kxc1Yma1mM/O9Xytzqq3EOyWbkNb5w26fPD1K8kPXvxGe9fzqX6VfN2e/Pi3HrHl0ekefR3Pko6FlRYUslAAopDpDQgYk0iGL4bn0O/Dyfe83v1jdvlzvprj0N+Hv4bOeHUPs870+fTz1pEvXx9GdeostdY8yc+XeO/1fmfQl9nzPS48bx9XxvW57wm+eXv8P2fLXj9PyPRzvsi+Xza4Pd+d9v18fThzmogrTxPb8LU0059UozC5IDTHSlUBThhIJWdxTcXUoBiB4b4JrU1UgjXLTMpzQJyVNSNElpqlcUJCSrzogVV4vTzdOolQL675L63nvp+f+g+f6edtPv5vW+f+g+d8n0OT0vO33N35nXHXPHylNrT7Dwfb8XPMHO8yJY62hUIUWkVLmhy5ipaL9zw/dNIqV2zuJYm5iM9pjlnoxzqBqEwF5fq+XuegN4qKZJQZmgZrVVktkZG0mK1RCsIVolWkkoqWyEqQhi1WYdFcwdt+cHpvyw9W/HD2r8EPoD54XRM3y17fM17cvZx35sdULQ25r1T5/pz1uZ9Lg6uXXHHp55dNufsTLu8r1dTH5r6zh1Pn/ofnfrqeO05eZ6fndfPptx9nDm93LvJ4DrLbojNi9TzOtPeMtOdmXnW/iez4epWmOgyQqSaNMtYgTsbihOWOKmioskQjEFZaZVq5YJyaRcDAKlwaQ0OWqpNCpMSAdS6jTLRPC6+Xr1FUuVfW/JfWY11/PfQ/PdPO3L7+X1+n56eHq+iz8FZ37s+I19DbydcdNrwzmu7m5e7r5/Z+V+o+Y59pTW8MASENoJaY5qaaFGnu+H7hp53ocMdWuWizNKFNJYjSIxjozzc01K/K9Xy9T0WnK2nKACGCYCGgTESpKgBTYTOgma1RmtUQrDNaq3M0JM2ypKQhslWiGwlUjrw7eLfPfDe+3L0NMdsdOddIInIw04Oeztu+blvs4/T83Ojs5Og4fa8r0NTYl9M8PoIBNRxx1cPPfo8fby41e3N1J4HL6XD0TW2hzvt0js6OLszVk4OjwvZ8XWTTKxkhSELbHQkkKrO6QiKlqlUUghFDVGemZdSwlo0i8ymkXFSVLQDitJqB1NEpobTIuNE8Pp9a7fHPYiPJ+s8b3M66Pn/ofnuvmGjv5hUs7cXM0IW+ZUXjpXPtzY6aSjrw9XzOnm4euUKWgQgAAE5oJqRqpNfd8L3lrPVIjTOalOYEIU0iVSMs+jPNy831PLr0WGaUOVACGAgBMENIJkqApDBDQAAmxDCWMkbIVkSrCFZWZYZmiTI0Vel5nseVrNpZ9uPbfDvvGOXVmcmVRaezE41cZb8t+h5/XhjeOudGxt5p7K8lanq5+ezsOfWL5uiJrtWfTLw9OHTHDj6sWebt3lc2lQaac8LtmnFeJ7XjWTeWtiQi0wnTPQzBg5tUIRpoVSwlosFRNTDc1SBGkVIxMaclIKcVJpFSFxQk0UII1y2T3bhcem98rjrOWi/nvX8j1+QafbznRyzz7VVYS2mdeM12ehz7fO4+94U1dp9eHZxd/n8PUk5zq0Ak5KQCaoE0Oak1+g+f91elOLDK4zVLUqTQk0JMJVIjyvV847lvObmVMoggAUTBDBJghoEwTAQwQAAADAAQ0CpCTIEwQykAIYelwd/PccXP0T1waqd4187qqXzu3apezjvSXDd3LOvL351xJkdfD07nnV6FV5994cm1oKjE6X5+MvqT5GJ7OXk0d2XNrKdOO5veNWaGWst+N7Xl2cWsaWIaLTkVxZDmhVLVAIxMlzYk5LTVOWgYgAKmpBpjTkYKnNTFzUhUsctDc+yeJtpnZQHbygixiZpF56y2nYs9aztYejwSvSb1n6WM8uHr38b0/MufPG+vm7vM9PzOPpJqZpgCAAaE01aaoGo0+g+f+hM9ly5vVnUCQhAgQgAEBWfnehwnpNkJgLPVRguhS4FqWU1AAomCGgAAAQAMAAAYIaGmEjBDCRghoQ0emnSeUtlrMG1nO+rQ4X6NV5+nck5ddUZbSibxxl7l5mS+zn4sy+thxB0YjMlsLlWrMqsSTSqxfQ0y2dk0mDA18/v4TjqKsBBctCuKIqWUASADliqWNCKQUCRaAEBcVINBc1BSclRcGk1IqljQC9rxfajhztVmOe/jBFU5ZrnpnYdfL9Pz68fbb83rPO9KDy49ZWeXzeys7+dr6GNZ83u3qOf5j675HeUqneWAIAYBFTY0AJhf0Xzv0Q40UucXnBLkAQACAoTRlydXNZ6A1mgMQMQ0CaJVkYT0KXBaxLLFAAomCABgDQDAAABiAhDQAUJhI0erTWstzVjWWEvWvPxPWXh5S+7h5JHoY89K89XGK6WvPpZYmwl27M1tZzV1TZjelGbuaTABobVFJEVFIrm6+Q8+89LBCKEDcUITLAJBCqWKooaFVIBADBAAXNSJoLjTMpNDi5LQCaBoA9byLNnydRMue/kYiyiWbZuLNvo/mfqfP6sK2fD0YmxWJsRgt0YLWTLenLy/Me54fXmTU9MDTEMAAmpoFSAYV9J819KVNqMMtMpRIAQAimgAEY4axZ3IM0aYAhoABAMJYxAQs9VLguhRzmsywNSjTACgYJgAEIAEwQykNCTDfLlcaY21zehGZo6yetGVWElVZBqGT30s5a2VRoCOXVQ6RUUkTlLQmCEMiiqhgME2lvm3yk8q4rUacxaEFSwTRoIECBzRFTVABSSGJgCBoLmoATNM7zLEFRUFiEHLtZIO89DPbDVCN8uvnRMaxsZuzeHC6/SfN+z5/S6+c5m/rOj5/CX6mflaPpl87MfT5+T9Fy6Ly/b8fN5vI6+XvyUtbyNMQ0MBZaZQIYwX1HmeqlDVngdPgaS+6ufaG4CiWMQMQcznSukRDAUAE0wAACAAAATBMFlMiVYZLdRgazmwUlQyEwEBSGKJgkwQMharKFbMjbSzmfTVcxuWRVsh3FibdJjFNIGIaYKaAHIAAmCYgcUDlolYqpSa43meU0rNEIoljEFS5NCahIAc0RcVTQDQCYAJiANIuBNMvPTMuWhxcFCdJgAAtM9DPXLWPstM9PN2PK9Li1ODyfoPC9Hnzjfn7+fX3fA9/j6Pnunv1m+bkWqTPTocvpcftc+m15rh1PG24umOFZbd+MJpRhSVIbTIaqGJ0xpPT9Dg7pehwrPjctM619Dymn0C83uNKhRoRRQheXfm6LOgSzbEKAAAMTE0DBQwABFLMLQ1ABMJAYqVkYzupcVtEQqlQAFSVDQAGlaFzJVJLoqI3kyukDmSyXQCGhFSgbQUkA0DJYIZLbSCpAlgwAUrQgciTygVmktKxMBBUuSrz0JAFcUTUUAIbkKaZDVCTRpNSJoNctMi5qRxcFgWJzSiaDTOyNcto+yvI8vfPz9uDpno8b1/J7ceZzXp8vV7fl+j5vVxx6HVy7eLXr6J88e4V4/u8fTjWnmbckt+J7HzfXltvz9HXnKqJptOhNDaZFTQVNgAel3cXbG3PvjHyMUt5ABdPMHs7eL3nWIG4ZzdHJ010OVm6OGUS4YhWJg0wABpwUdq8sd5HlV6HCIToE0blysYIZCmkTNqM52FxWqlzKmECrsY9ZluRgwkCSkJsEAIbqVciYxCAGiHQAAOWJoRIQDQUgJaCpFaTTyE1pohDEDQjSKiKqWDSG5YnLKSBiCnIK87EmjSXINMuLgc1Jed5mggTQUgpXFkbYbR9jjXN5u+Hn7Zdefb5HteJ058/bx9/fhPu+ffm9PqHi9HLr6D4mvW8+U61hgc9PK5nzvSW8cB0c28kXFNp0TSG5ZNTQXFAAen3cXblrlrifIS1vLECAC4Dv7PE6T1DLWuPq5emrcEdBjUavOpbIZQmrEQxMNM0dmsb50lgjoxep5pthcgKmSjcx0ysBUNCTITTEmhKiM42S6jLEANyAmyRsE5GJgh0poJbUJpiVKhqCkgZAWpsl6kQUhZbQQBYlSGk68qQqyWDmglouLkbTQAlTTJqWNAA0FTRNRQIDSLzHU0VIioqSouCwZLljBBcVUbY7x9HyLLl1z7OXs1nm8/u4OnPP1+T07nz/V3fn9Hlb91518/t7RZ4te5mvhL6HNPm9NOfeeiakw5Ozj1hxU7y2naJyNgJphUuGJnqdvF2RtjrkfHAbyACTAEKAVt2ebvJ09fl+iWC0pILrJxu8rjRw5aEFCcrlh2b8fbm4CalSD8v2fDudzmuzRS6q86l3JvITSiYAAhhKoiCkayUJgBINNAiiSgl2hEsFICQUZlWiQlUBpcYatFzKlaSRuSmnAnNWSqkKmq8cS00JcNwykkaypNCWMQNyA5Y00MEOooipqAAuKgd56CQDlyXNTVNEJpgCHUVZO2Okvvc705dd+L0OFJ5+zo1MPT5t+e9Xi86vUxNazxOzn5ME9Lg4sNxcW/PvHqrGR8u/PrJNTqNooTUUIBzQVFAAer2cfZGmO2C/INPeAECaGgUEWVedS+hz9OGb0beJ7XTInKUSyqgNqwvN1cONHFK3Llr0/L6JenLTSXCrkvwvZ8ayNLdmNc7Ous7TXSLzRDVAAAAIASNAaSlNCLM7bEhoyQpEjBDUgyGEuQqtDG9M5aIQ0KGIRoVEuabgKUuhOUEKlpnVcPRsrAYLPZnLXSJitw5zoDh5uvgXVxUo5oaAYAqmialgCi5aC87AEOWi4uKsRCaYAUOaFplpHsehxdvHtyTUm+ukxHH3+UcvVy61vn6KOHL0BODm9fmt4qn2Y8mOn0q+bvs9O58KPa8TeCanUYOkmoYAqlhU0CaPW7OPsl0w35pPkgOmQAE0AIABuWayJc/a8b1NTWWrATG5cU4ZpeLjesdJbcuWqipd+ng0l7MMZI51om+W2dcWXRz5adHJod2vJqboFAAE0QAhgmgolysGJkGkpCBFEBcwi5vQwvogVZTLrMIpSFEsJagkVjJKokFNVUXSDO5INbTA3dYPYMTYsyegZmgZusxcfd0Z14nJ9REvzt+5B41eozyj1UeYejNcFdonA+sORdUmK3SYXTJnSalNF53FUJgJjExVFCuKPp8GcO03l3ytUon5/2vGrpXf59dnB08G8Ux6yt86jn6DHn1vt4lZ6XFOkmvj+p5fTBNTvDaFEwaATTBpgAet2cnXLpzdPJJ8oB0yACBAAAANM0KlcvS830tTVObGIG0DaCnJF1BHRWFy61nWbo5ajTMlrMXLRz83byy52XGtqjS87pgIgAAVDSABSRLaiS5QUSAjQyfS4x0nNdpyCkkMloJoQQaKGMSohyDLJpopANCpy5g25sT0q4aze5cbXsfE47TkDtXLtLpnRNRVSql5jTqik4EKpuiEh2IcDgYmAADEx8mvnaxnNT0w2nSaYACqaFU6HtbY6cOz7sts1Kg8nNq3t8/wBLjTly7ct8+d6zqGmdLWO089kMrQ69k8/zfW8neGg3lMYkwBoVTQmgYB6/XydUunL1ckfKMOuBNQIAAAQNqjqwrNqfT8v0dY1TmhoGAMAbRDqWW4cummF5buLmqcUVFxDmpJy2zlz0mosEa0nYAAACaUaEEwQTKJ2Zm9xjZMuk5BcCATBJDQrBoKlIIcW1WeiNAKmDSYmmIJG4ChAcXbymxNyppwNbSx061NSFzRJKkoSasJpAIYqqRAAEWCVBSkCgliBPgsnnefTnSDUYmAANAVNCuLPb0y6/P26WyVZb8hy83dxW+0pjEtSipZUUtDPzvV414+zi9wzWrTzPF+h+d7cgZ0ymnCAppoVTQmmAB63Xy9Wbpx9nHXywHTAmoQ0AAAA01vPpxI7eLtTS8XZo0U2nQ0xgodSFicruLi6i5bqKl1x6OaNJuFmaUmekaS0hmgFiGAAIAAAAJ0c41UznG2eLKeTXR51Y2nQIJVxCSmyxMGFszo0VCHUg4cghDIocjFpQTFSKNJMNufeKro68bw6BZ0nSaIqEUO6TGqTlEnZGlYjGhN50RTSSgTpKMBK/PsilOscaa3hpqqAEwAAKmyNI0PV9nzvQ8/agcqTVnN5fdx6muQ9ZkuiXreblrs86iN3Lw+p4/tRzxvy6mPiep5XXkMW4NMEwQ0KpoTTATPX6ebpzdeLt5D5ZdHP0wACAENAADQdWNZSrs4+yxoUta4VZs5rUGmMTBpq3LK0zvK6i5acuOvl6+SXRMIm1EWqUubABAAEwBAADTkqZMaEI5lvwHXWdrVSJbkphI4JFNUK26l1IyWjlpQQACKWLFatJEFOQScgn1y8HqbnPaVualkDiZALEnNrBAqslmaFJAyBJ1SoATCWIYYJng9t4z86894YFNNFAxAAAhcWs3nqfQdvF3eftSaCLivM53esmqvecmXF2VnW1BnTQzzum+KXtx1yuePyvV8rrzAVjAAENNCqaqd8euGvYJrn2A05Ng4Pn/q/K1nyjudnnr0OaucYIBBpm2HXzSx28XaiBKxBeuLs3ed6jBg0waa1UXldRUt1Nx083VzZtCdSmSjNBNuyAIAAAE0ANDz0xqkjnoTkXH2ZVzdPD0R0mdVYmDSKQxjqyE1AJ2gCKWhuAbAYguQE0wQyderp57zunjcUAk5FnaIeiqRyJNUqdqsyRyAqcJUKhjAYCYyRzZnxvbWX52vFvDA1AGIaHSABiAFpFkbY7Hv8Afxeh5+0lImbK4cvQz1nhfXOpy3vUuJ1Rmyt3LgdDOY69Dmy68jyvH9zxOvJAaiYAmhpqFU1S2w3j2b4PSzrNaZr5Xdj4us/R82HYnhaaYVogOTPt47EmUmNOvl6eeXLs4+wEJRoG5E00wqzoed1QFg01qouLqKzb2x2jp598M1A6kEr1y0koFQmoaGIAAATSvl6uOtSTCkkCA8+7xOusdF1IpGADTWxKwlzKxKqSaJXqY20sjkAEpNAr75eXup8ugMlYMJqSJtkFyKXFEjChFZqqSYqp5iliNNjAE0wBk+dRvF535usZUq6RDBUqhKkBSE0wVInSNCN8N49/0vN9Ph2CghaMwW+ZLdEtgRcGhKLUBcpE5azXm+N7vhdOcgbyAxAAmhVNRO+HQZ/RfN+xnXbnqs3nw6s7Pnb97y956PO5O+zNzSmO4ea9sdQoadfL38MvP049QlFqgAAHUiaVm7Oh47WNotq4uSmnLfRzdObvhthKACTiL14OpdhNEAAAAgAAC18Hf5puJYUCtQ5kng9DiNd+XetXNQxA2hWBSmoigdMTR3mFyJQRALUz6t7xp1N42MQOaGgE2wTBZ1JM2UrMxxQJNCoztJGghg2hMBoB8Fc2s3qLWPNO6d54H1KsFvJk6kaJNEBNJ0ACuaiN8N4971OLr49aE5U0GsXmFQyiQedQaS5GDpNokYnm+B9B8/15yC1GAIAABVNC3w3MdscY+uWW3PplnvlZlOknH4P1OOs+FvnpqNy4XF251y1Nanfw9/nRn28XaZ575SsmrAAAB1LKvN2dLy66yu7jN6xK+rk65dMdsIYMjK9c3l5vT82XTu8Xv1nuGhMATQAgadteT63jWdVD56Q4pyKDLUTj25t7OiouWgAEKxCNUWoCAFYwIBJae3TLnuVz6Km4ACSkDljosWiYs6IidHWJeVSUhIkLM6IJGFiekiBAmw5r8/WV0Zcu8dno8foWUSWUSFOWNy1JoM52E5p6Q5Z7ajz59S18bo9LolsFz20IYg0lyAgaAkjVUwQaBgCGjzvn/pPnOvPMo1EMIbBFImlRO+O0Y4ehwnp+38p9TjTy2iaxVpMinXL63Bcd0DlyNJMp6VXNj3TZxT6AeVPpRZ5T9NWeZPrtfEj3oTwT2ZryD1dU87D3c9Tya9YOboZm8fTpRnjrELs6918jr3xy5PN7+KXz7U6z7h5vp0gBACEWtyy/D935+z1Ja56lAANEqk5HeVdOnPrGoktKWDdAJ0k1IAipOlcuuzn0Y7zRgMABIbATeg7Uly9DM2mM87yqHUihlS3JMOLU3qi0JCKlUNopfk6g4rfNYc/razv2fNTX0583Vn0T+d3j3H5NL6leZpHecVL1vCitufSNjNy24s01yvGqEpaSYAFTUgACarPbLQAAaIGmCZS5ulXPAdGHTOa2VmEdIci7A4I9KDz59XnjLx/c83OuT3fE6rPoBVjeM6QROkU/O9Hy5PcvzvRlQwRNUpqQaB56FnOtEQxFNMmNFZn6PB6OpHH3YayHL1RmzFbMrl5/YjogTJYSyMuPumPHx9XKzg7TI61N2SmlQFDll/O+/wDP3PsJrnpS1aAQ0AuDv4U20x1NHNqWiqSQ3LkcgLTp2xubDO22DEooljJY6mxaFiJQ6KLuWPPXOMlU1EXIk4pQ5Equ10IUtCCwk8u5jJX053jo944PY83tjn5fQWr5r7uWw302y436Oq+ZXo1HDp15KMyIkEdRZe/LR3XwEvfHGR6L82l9J8Fy9r4lL3vhzPTflo9PXykeweNqeoeZR6R56PSOHsKkAx2VnIt8dZRLsaaoipL5tsZVFdPPXzjqemPot/I9bn0M9syJpE+X6vknd38XVG6TCWqSaAAbliz1ioARKkVIxDLOw83o1Ns9zUxq84znTQ6aU4tJNcUIjDbnjONcjONIsXTy2bJzoISAijwfa8Wz2FL5aEJQHYJhPN1ScmvN0ZbaY620IoAAvrzcelmNtzpnU6NUkKAQUJgzRFoBeaYtBxTl1dZ6hG2cZxcEysaeYrRlorSUlzQnQSciY8arrzd4vWNsVhp3ZdfDFEFV2c/fCeqzcpuyS2ZUMfD1efqMTsu4uKuNBOLlpJFEMpMComOu+Ny9Dy2WahLZAXMg0tU19Ty/UVASgAs9ZTnnaNZhioArPHbCI6+Ts578nj9rxdZf0nzfsnais7xnXMXj+z4qen1c3Rmvbm2GNakK4GBACpuXURvkITE00AZOW0nJpqq0286bn09fO7bOoc40lJD5tcCQlcwzSIpVKBNnleoSTo3DTPyvS8zT0nL47YnTaAARAHFpWcb3GktE725dO9Y0wMbHdCCUZKVygpqgtWjYgksWgQNAUqp6Sy4qSc6wFDipdgDQk4VDdIeSZeU10w5fBvGtYVrO5PcunBpnBeXadDly6RWhnYxJozoyTLn0NRN0k2VLdRotRUg5k0MczrnhDpjNFSizXox6caLya9L5SNtMarSsQ39bxPblQEoIGgJm0mM6xrMKlU57YxO2dY3Xhe95lnD0c5ufSmOvLTz0zDwfe8CvZ1i81yM6Zy2smaKzYoaZSGhgVka5AJgBFTTsx68OsMezPWefTkE9CWsajOolSEZxSIx0yslOaQIpxepAp1LJZj53fwandpT47EihpgAg0yOTt5I1107s7y2DG2PWXPRocCGlI0wQ9BWxGPMoVjpKKlg2guodVcUPNwRNyZzc0NoESIaUomyPFvHeC64N5iU+mEMqvY8r08OFY6r09mRLu8ojbNBUS7Kc2Pn1zItvUl2RNNjqGtTfOmCpVIygENhCBnRrnpnTIJdJSNCQ1rJm3t+B9BKkEoAAIaaSVasynSUzx6MQAzustHHz5tl1z3et856mL3rkJej5/wBfx7Pd3x0xqGTD1ydbCNRTSHJQhMARUUGY0IaCpZYqS3lgY8d8Fn1kZa5qRIooljHXEzV52TNKyBqioqyMtctR6Y6Vhx9XLqeoBx2hlJiRiAT65ebr2nn0GqzpaVaJGatJFJMGIVuxNiBArC4KFVksYgbmkLQVKQ5aFFIBq1Q0hLQmyjyNeDWSllvEccvrh1FI3LX0Z3483Hpx7ELgmt5ysoQNpIUnRlTJKB1NjpQmhnQ+TfmAHYhgArQbM6FHZSedNJLY2CAuocV73ge9KAoYgAAAoTCY0lIm0cuivOpcVLw+b7vze8V7Pm7V6xsY1j4X0Hz9nqdvzn0eaZ2s6SVGrz01kTKkcjBANACGmzMcgNDqQtAmHJ6GRh6XndUay1KsxEy5IjSLJhqpTixuMtSopWDkqMOibOoDnsAGmC231xpULn0aehGpJUKRpAmBcmhGoxOpCFQM0BiBMBtA0wsSNQimmOKQJiqXFJNIqqA4dPJ3kTrWY8v1Mt44FrlvLapS11x2+Z6PHm3rlRbyZq4RZmG6xs1Jitqwo1zkLUsmdWkLQrHNpGKyXttLxr0tV8++tS56FS7c/VJwnbBzrXITVUqLhe35HrFtEoAAAAAACaJnSU53pnmpaRNHzn0nj6zhKrpn2ujyPY5by8D3vn7Mfb8TQ+kpLnuC8x65lmzirEmVLAQAJgmmKbkQIYgbSS5YuXk+zzi6fntz15x2kmSQzFSkmjN52XKKkeVzaFQgOkkxW5R2dXkPnv115mmN+hfn6nYczN5lgglABPS6lthSQ82xW7EmgaYmAJgaKRZ2kVNgmANAhWqWhMlHz34usoHvJxVz6z068Oup1xNxzx1Z1n38XoRz4XmU5ZppzhssQ2WaNXndW4dW5oGrgKZN6aLynRrJw30iy7iVuZNKyZRCNVlqaztBDpkikTujE0QvU8n1DYCABU0wEDBDTATQufpwistIzoi5j5+O7Dtjm7+b04y8/wCg8DLCLnT3O35r6bnp52ZspXT159bGNUlSCWCaBpgAEGmQAhoEKkW4pHN5Xtwngbd/nadF+ZMes/JR62XmUnaS6pNAIMqubJJWp1CeanMwRpPLctGdAANA2g0vAjq04Q9HTyxfZ08NnuX4AfSX83R9FPhUe0vKuvTOHRew5tDS4guAFQ0aGMABAk1akxInTxdSMh9MPm087Wdq53ZuZWVcONYkNO3EOeN4Iebi1LqkmNrSiiibapNgqKjV4Ub1nrKts9VkCHNSIpEpQVIIdHP2qiwhUhOdCGBThGvRydZ0qyJbFBIolFkhRKLJB46zGVY651CFm4eT73h9MTcxufScVdHLXic/u4bz4ft8+Z7TRy3BedOlB0AWCpVI0IaBoBBDQVBUgAAAVIOaDLLohOHl9XKzyJ9Wa8uvRg560ZmawuZaJpKzBJ7x1yurnrj7eoxQFKTQZZdIeZHZhLktQyNSMnZEOkqGQASjCkNDAABWADQaXgS9V8Ynffmletfjs9m/EK9x+G19ufIizXjR0wB5W866claz0CoHr0RxHrdcvgP6Tnjh5eyTirs47HitawraCRodO6mgBzVFzoIcRdZBrpywelthrNURrEoQwAKRln0hzdmG42pKIRpWTG8rNVCL6uPrOwRDQwE1QAwQ2gYIc0o5XSzqJucjzvRz08VB2x1et8/7vOvLVS8mPZz6z0dHnejjTmjOs05K35trLTjUaaE0xAoYnSAHNMyAGhDABpiGjONoTBbRZmaFYz0SYqwxnoDmy7eSzjpHTPtaS/PsBSsFTRQqCMOL1UeUerJ5h6OZxGyjI0khilbTBNUgAAgExoUUIWhErExiYDSgMAATepgPh7c8c9J6Zk0sxOgjnXQjOtETtz+nL0+fv5B7Ongqz2OPjddnR5aT6g8LTL215mtd2OeFb4VxHQ+el0UUOkoNJ6a725xpMZK0ohaSTbkd5hWbk0rBmhnRo4shiHMY2dHX5none0ZoAAAAK0MAAaYmgnDowzXnpnmpyzxsu7g64ffwVXuKo56fN0wnD2c8Wek0c9rPbFdc9czastdSFSRJoc0EsKEMBA8tZJEwABANywVyZzrCQmWTQh47KsTUM+H0fLs50Lpj3Wl5urclMnUGAmUQNBJlFRJm0xKhTk83Ik5sQFJORrPLU6nwOzuOKjqfLUdD56XYzqLEyhMYENyLrzdPm9ZHKjpltCVUUMCGnZM3iHt+J9CeVx7Y1KsIW+hy31s5730MMu3SzxT1uauXWrIqlCpUrTcHocXsmdN506w1LJAQikAIZnlpFmkwFPJJoZol0qlgj9LzfQX0QMaBOgCAAAAaFbQDTFjtnERTxrIFC8L6Dx+mcULc9Tq8b2+dhUly5uvGzXbg7815a551qijDoySdEtahNIluApxTABADTJjXMSaGIGIKcg5pGc6RYgBDlGDo8b2vC1nNM6Z9kg83WnHSDABAyJi4WavMjFvRgpcApIJc0gkEJCVjqGYukaHSYAAJVKLXPrFza8WlPI3OjXieXoX5bj1vLToaYDYrTGDg0zIidLtv2J5ZPPVPSKCL25tDUrUh7XWV2qidNDjx9Rx5Md/OYaDGkHR6PH3S56zUtSszTPZEPWAYyJ0yOdStZtZaI0JdFmyqzZZFh3cPfHpAZ0AUAABDQDQDAUaBpqMGLNyVzK+PqDwKR2wdfJ25skrF1Wcleh5Wh7EaZZ1pSAz1gusd7EBYkwSKJBiTVAIblmS2yATAEMQWRQkwzVxYCSFIqvA9/wCf3lNrefXrd+brnogQ5BEwTMSmZUsbuIpKR5tCEoE5CXCPMy3DNzuAnoMABgNClpDv5tjhxF0jAppANMbRFCcUJw2mU1QgQ6iz6Hxvd8GXFI1KERdRdPaKNKgNXlRTlmmmNLrm6Ofk9PJOBbI9OorNQtSSBaCTWsWaqUazOZzJLeKAGmDqGCuBaFSnZxdcesms6AKaAAIAABgAACgBjO2Gbrz9GGbNSzy+P2fG6Yfdw9xmqXPSGUstsj09PL9OXaWSk0iNJk3qNdZhNVKqYaYJNCGUgBiZnG2YibEJgAMTFNymauaBOyfD9nx95BreffQvL1aENEDzU5o2laASJgQgQhCUCIozI1lyjSVRpBSQBgAOWqU007Obu8fTMHvICUYABDBg04KQU0RVS4EKn1c3ux1fPev4yyqWoxuFpN0aztVVJD0xZdqgEhqWuizCuni74Cs5aUunFgyUNDkjRSVNTZzkGoxUQ9IAAHKLaofVy9UvrgY0ADEAAAAxMAAaagAufpwhw6zrAFD8H3/L1OXt4PR1nFBjQAGeuZl6Xm7R61y5oTQTQLp497NJtWRGkktMQ0IZSTQADlswNIgSYNOwAVplQqSZlI5/J9PzemGmt590Dy9kpiHmEqpqEEjSQ5EAIE1CkkMTLpmoDRiY0wQ3UuggtJMVy6X3+f7CYeV082oAtRgK2gaHAxgDgAHU3DVKEx0/qfmvp48Hi6OcHL0pjirmqsq6hkl1FQ6hhNyU5octLXfzdMKN5jKOlW871kUvNLUUVDSGemZBBqWpsmpZSEDihuUmnX5vVL9ABjYAAAAAAAAADTStphnoowuKzcJ0mUy0o+d9Pi695zVLOkwCLlMY0g9fbyPYzqpGIYTNwb6cvRcpUqgpAgEAJUqQAmmPOyMgQwVjQKNIpBZI3HncHfwdebTnU9vNR5O1Zq5ShCBCQCQgQAiRpQGSz3kkNmJjpOBMBpgDpJ81kZVXWel0ep87zccC6ZaYACjTBpw2nA0wacPQcAAUrOv2efCPMypas0JGGlXotTMapyWSU4nRA3NFCBjpevTIzdc8mjamhOVaaSVWaUZ0XDzozas0GiQhNjmg6JwdNMpdfLvH1M0uWwErEwAAATAAAYQNO0TUc7cy3h08+aqipfPXZyXOQK1gxTUpnFwR6/k9B69S8aAKQMx3iTqlXcymENFAwlMEmgBU3LFlvCZjSgIaaBoG1VnlcXXydOZLWp6Ky28fe2A4ECUwIASVMlFSpKxMtxIN5AAY1KHAADAE8rFyueuX18f0cdvyvs+HLCb3mXQslBLCGDBjgGQWtJW5Cqhw9MuivpfnfofmI5wrUZSK0nWk95HN5iL0MQC6kBUhkg9sNjqnIltwGhCLJYqETnQaZq0WfT51aLKLNspLKSBiYilTQBvhpH1gLl0AAaBpgACYAAMAAFY0Th0YZt4aOXBiza4+ziswmpptNCakzz1zM+bo4OmfqOjwPf5bYnKgAjRRW3H0alTckqkg06SaJVIQFIQjrNrMa5A80mpmFkMemVHkc+uPbmmivQup8fYQgQgEUSTAkCJVjzMdHIayAUAwapaBwmABnYchPSIHqX9j8/7XN8/yVOibYmAhgDIBgm2JU4KBUAFJleh5v0uVfNen5NVU1qLSLKud66Hz0MaLaRpk6MZ6MYkoqaaFsaRWe2ZnQl0IoVVA08ijLQcgk8fTz1KtaiKlEDExiBDaYNM+tJvl0BMTAQADABDABoBpq3Nk4dGUZ3h0ZvMUs6fD28VmE1NjaYTUk5aQc3L18nXF/RfOdx7ty/P1FSAQZaEV2TNWSMIYkaqQmipVIlNWIErFRzrTOxDBJgXAnjxcdcICvSQePsAhCKEIUVMKSbCFOoS1ohliABphSqVtNAJDjcdYJrUNXrl9H4/0PyOLztV0lMMhMEDAAbljactbJwZa0c7CgYV9f8v9Ll81y7Yal1NU2M1udKYULSGCuZQKQuGRHViQIt6lnUUPM0rnZShGmvMG5nsZUMEnZy5bYVSQjBCVVZAAAxMQ2qPqtOTbn00M1GpmGhmywZJaJYyWANA9MtFI0iOa4eaRvhnS4u7gsxTVjaYS0RFyYcPo8PTEaY69M/RdPz/0Pn6gGNIAUWE7829mgOpjWBCYmCSqVRNxYJkssmy8dJrNVIArKioPJTOuJAO8Dx9hNBLkJcikjUIcWIFogAAsEwGEMGrEw5DLpkQbj1nSK9bx/rsXj+Y7+CwubpMIAAGCBibJXc7wkxUwKypmbEev6GnlyeXmPUpl0qVUt8mdkc+5Y0bZ6xAGqrPQTJ21jPWSUmOKQnLocuBDEwrQzosSTklqgGCYS6ZKuUht2JMATPpunl6ufQGQAgTCC2ZLUMzQMzRmbtKXkR0KEZRfLL28+sZq8/0vNMk1YNMSaIm5M+Xrw1nljbPtjT6L5nvxr3wPP1ABJhBWZ0VnrqMAyLgYAJhGdzYgKE0QCsM9BM01RF5HmAdMQwrvGePsk0KailCixwTYSFICkNUAI0yGAowDneHTKQukbKiyXL1fTcfHh5WSvcGEMCAGDATZK2awO5WauIk3Rk7oxqtT6j5L6n5GTC1rqRtN6FOqhtjaZpWLOqVpLD63GVaaHHdsz4fQ4KbmgQEsVMCGgGk6aUppOeRSCgTBoGSypYSNk6TdmbKPf7ODv57aCGmCAAaAATAHLGmhia7CeWXF38qrbHaXLzfQ8+M5asYATUkzUk47ZanPntPTng6jT6bp+f8AoPP2BViyAE0idsNa3SqxRaM6QNNExpnYkykhkTU2CBDPREcvVw2cjF0gmHetI8vRIzCHFTm51ECACkBYAABDAUYBiYbyZh1yNUUDzSp9WX3vlfoPmMJdLcVSwGQMYwIKLlXSKVpuHI6gVq3FD7vO+iky+e9Hh1M72z1CldDhgUwYhVUmvVws9fHm2zb0jRZuWc/JvjYgCWAAqG8TV8+KdmGLNJlVoZ0WqQJEU5KdwwaCpaEyzN7dJ2+j5/o40JkCaBgIAAAAEwGmlGgvTHWUx2yTl2yedTwen5kZzSoBopqSU0TjtlqYKlvEZ7RqZfS/N9udfQUjz9QqRNMidcjXfm2soCpnSBMCc9c7JTKSYRNTYgSMQHm+l5mpzA9yRo9KKjz9Ih5IZE0AqAATBAIAUDUMBXlWWpODnrgeudKkywM1/W/MfWc7895mk7jChFOJNKlzq3EOgNF0S25UqmtDJaQQWqSaF9Z819DJ8zM69M7PnBDdFoGqCR2ZXcEmjQ2ycvZXJ0S0nBytzpTlIzLnOznxorNzTGEmkkNobcltMrN0SNDc0I6dI49utBYpWqDf1PJ9aVDQAABAmAmgAAAGhQANcdIqKDkNMpdPK9Py5YBgDRRcEzSJz0z1OZp7wk1UxpNn0PR4Hv8An62TWdSMEmGW+UnY8tdRDRmVIZ6Z2JOaYgmLixIEAVPyvX8ezERuNAdizOO1lUWSCgAENAAJgAAAKQsNS8TPrk7OPa51yRKx3LJdR7N+blm4Pcs53vUuD3ggcxbzou89Zd5alRblTSoltIDKtZmbPX6unxo8y8tOmbqaQqRXU0PSEXU2DlFpMq4ZQqlu8uWTTLlW4ykWpFsgKcUDRCKVIbKEFuUJveMK7tJeTXRRokhpzaJaEtuTb1PJ9dUmhggGRLAAQ0wE0oAJgFTRSAjn6MZY830/LzUxDEwi4SVUCz0zrnYdOcqlZM1NL6H57uzr3KR5+tJoACM9syujj6a1GWTFoiLilLViGiYubJARDKXjez4moio1AGaJzz0pakU1M0AAgAAAEBq0i+axZKe2ACwpUDdZqrW83B7TLLFJWmSXq38+o9Pfx9M36Hr+X2l+lz8fozd+fq3PI5fqA+Tv6LKzwn6XJXMt87OaN89IuOg+v+N+q+RRWV0gXMJ2ybTKEkqkK6gCmi6TGJxfn9HLZCt2ZgltTQk5Vi0JGgpItJC2j1I4t+khVUypwl0c0TOgQ2hzQUpo29XyPXEBAAAAgATFEwAAQANA5ZTliy1Uc/k+ryS86qZUIRoQpqaWemZztV05ymqmamxMR9Hv4Pv+fsObzU0xTYYaTmdWuOllAVOW+JkNWAys89crGgsQAeH7Hj6jmp1ATLVRzqGEoM0QKAABSGhowsWJn1wAtRgDouHSM63c1g5ZKDQFMg0cZGjXKqYimK5mujThqPU6PEqX6Kvnbk+iy8Wzvxz3jh9J9B1/OetW54U+5O54y9mU8rl9HDVw22zgdOlNZhpG8kraCZsIuUZ40WQyabSHUVKo2Rm6axOkkBZJrYex53oZuWgSwVBE0xlMmdJG2iGwc0yvY8X2oQAAAAIBQAE0MAQ0NCAAbmgQowCzyZ2yzYGhJlSmiY0zMBzvm5qdJmlZIBP0nznZnX0DS8/W0MQAstpI35d66AVjz1zMFcWJopZa52IFYAGHk+n5u8uaimAb49PPzpNRBLUoMVDBACZjZOF4dsgLWWJ0MuKpPnphRbTzaE4TYFKlarSMbqTSU1i5cdEm5lpTicOiDmy68NZ5ltGpNojS+eTuvzaPV28Sq9/f5veO6vJ13O7my1V7Y6lE6mZo4zKqopMUa86chL1KSQ0wQMQ9JZ0zpWqkKhDJDp9Ph6c21lMuhKKpMTSNZJGqQqnUgqBe54vtQDSjAQ0AAgAAAAQ0AAgEKkVpojPbCOfg9nA8t+go4F3ycc9kryR2ZWcJU6wk1pE0rJAEhH0nT899F5+xeembI0ABnGuR078e9lzrFY56TZkwsWekVM1NjBnJ5noedvLTVMA7eTr5edUOZQCBoUTBBjYYGPXIC6ZaHA1YWqxaAldTpK2VE0rlmnQnRCpC0lQmKQGrXeYdRjUWGkscNzrDSqxAANU1V2ZT0SvMdCs49lZ3CsHIupMRpeM1qKwT0iOPr8+zOg1BMG5YJgUiVyNZ1yBzUjqWehvn0YuWejXHpz2CW4UspxWZSJKuUK5gXv8Ahe2tpkCYIYIAEwQ0AwSaAaATEMQTSrn6ckrHRLgtYSE0slSLPSU83How1mQVTNSkjVKWifpvmu3GvoWHDrSpEgwz0RhvlR1VhtqYKpqVSSM9MtQmpsBUedxdnHvAmWjQd/F6Hn8tZ00CagAUDOlz1j0zMs6YBOgKgp1mqis0dvNjRbkaFQnKloTChrNpxSmRiEVJg2rVtkHTgSktlzImKkwLekbTsmUbpcnoGOjsGUZrQKjZGOhVOXig1oY8nYWcipUgYAEupLa0moGydEjFbMwejj1tcjGlOlCVqFOpWa1kkepGesDzbrAAPb8X113AgGgABNAAAAACABNAAIAaaQQGNRquKtJnG0mc3JKpR53L08+8ymtJVSSmEKpRJo+n38D3/P1qovOkMEDM8t8601490aqaSasjLbDWQRQ0Hmcu2O8gFAB6nmer5PHTQAgAcVOER0hAdMIGAMNG86pqsFSqKGpToxspDlGmNaITYo0RDbFNTTpOGaWc16STlelzkqmyabClVFRdmqoWRsQMjbn0LQx3nYnCTSOdam2WbsbQXWdERrNZEuVtA6VFjU1MiAmxFOXLWuyTenlnWj52bzlJ0SqE2ilrmMmTTIdRlvkL2fJ9VegagAAAABDQAAAIYJMEAJiQYoE0YaPGtM9oIVKpjVRitIPO4/R4NZhNaimpEmLE1KJNB9L8z2519I5PP10QAmhJoybzrapdgCsMNsbJm41Coo8bLXHeaEWNNL7nie/4PHSVTTRA+UjpJhrpkARMYammKm1msCWqnQEyHU6DqXKOWNpjaauWgYQrQWSxiYRUIgqwVzSM6sq83YbJGqTVNsi1dSOYuYSOdJslMsFFVcoKitTCd2ZKkhl1ZLjcpXWdRpI2lVXGF1sZlKW+jn6DWNXm5TrRk7QRTIEi4NjFdOVCGMlldnB3nWMzUNAAAFCYCagGgAoQCABMhDBJoXN086dMWqxWkCTKmbRy+T73kXPNNRqEtCTRM0iUFJUj6Xr+c+j8/V1FY0wQJomNJM7z0spxVLDfm1nTNvUgcnixU7yxFUkz6Lw/c8bjrCXOxyXhqEI6ZAEAYarTNGPFAIGMLi1YqlqnSStCWHWZusWU0xhShrES0DFQh5o6h06l02mkqpsdTVLW2KQAhVTgAdk6kl82yZyrbKw0xut4w0lRBZU6aRzLszJm9V5H0ZHLexLnqyVFJWMJGB6Pn9kXTUqaohWEZ7odRaxOkIItcS9U5b156Xo8HedoGaAhgCAAAAABABSGgAhAAJiTBZ6CZ1hvSmkQmqQBPJ2wnz8dPPvMoBAETU0k0AIPpvme/GvoKS8/XVDJTQpuCY0mrE0XP0c280I1Cag8NUumU0inLPovI9fyeOuTB8/WGQt5ALAAeq3zUN4oDlFTIWiJp2K4DonIihNQCGyxNNXpjR0GHTCCSNIZOdRYVNWU87VtNBt1NYzrPflm5Zb0rPWKipJp3iy1NmbbsePZMc76IsxtwlzFVoZqXfBdMc99fNLpeDXoNsJqVpCZSI0S0rNUo07ePVdllpDQxxoyW4JoB6YhpWVDJCs7DHs59z0BqUAAAQwQAAAmAmgTQACGgAEAAI5986sapGatEKlSAOXxfovMufLA3GmiJpEggBDE4+m6PnvoeHU2xvGmmhTUkDKy1SR4dHPqJi3l4b81eUNbzI0AB9H5PreVy34cC9HMAQBitbyuk+dYnBSFYmDki5ZQ5ZTKhNOVtgqKEwABa35w3pOLzWKSNajcpNnyzb1Z85ctUtRuKOvTh6F0agqo6IyekrNtATKWJVablzy6aZ5HeepVaXmxWhNZGzjK2KgoViWg1jly78a5rzVl5MjTv5OpVKxjomaIN0YaXZJUjecxs8aqnz7BAyteboPUQSoaAAEMQMQAACYCQhjQJghoE0CGGG2CajBTSqYuRIKWeqPC5Po/JueJNakpqkhAAIEP6X5ruxr6Jk+frqkCmkQ0xZ6zRlSsU0bzHN1cOp56ud5Q0IaPpODu5uOvkwPTzAYqNZSwxW081iEYAhgwS3SZFtwqKVMYUnDAAKFSAAWrwZtgsbnWMyxyFgCqhFjadJ0DvOjr18/eXYxZbjWCs6HGqHWSNVFqlVSDcLTagapWwMygVw1bFA0BLVTlqjGhHRvdRKqFvNQmjz0INNY572k5r1VSyRa5sFTMOhUeqmSoAQAAAACYIAAZKqCk0A0CaAAQAYbICLRJombmpGqEwnHaTyuH3+S58VelzanLPTgSmhDAcs+o2+d+k4diprNJuCRoSZEKs7JWue8153f5m84Kp1Jm5pJh9FzdMcN/HDfq5xSuKtVmgPIYSgwBAMaTatac2UqIlzSg6AZDJCiUU8XWk5sqJVhNRYwLGNDadg5oHNUTSAGFyjuObeLrKZd4midNLOauiIxz6YteuUGgyAIDSqgVJYcNKvPqWce7KXCdIApEuSx5aSvdeOstGIaSoNKzaaEyNiFG6M3SCXC6yyIvLWvXAgTQIABiTAABMAASYS0wTBACAEAAhMN8dRACnSaiaQJhKpVOW0nLh25pwYehjZ5s9sacR1ycr6Uc30fh9ONe80uPTSGCloQBKqSU61nDy/T8zpmE1vKTIidJr6BUuHT5Cdc/TzLCHU1kMcBSACATGNio1U0kl1qGZzbIt2ZhBSwRvOasuRqNME2massliGmrGDsGFUSwchSYTQF64OO6seqXJ6mbmW7ZZUYZdKsi5DOqKTq4hUjn2tiVSatazUxuRgaMisZrfmoJBndryEbzil6HgR0KLsStKp0hGmgslbrLQBQUpR7I1AgBMENCaYDQAAAIAQ0AMlUgQAmEjSQXiaDQJlSqklMEqQppVGe0nLn1YJzTtFmMbyYztMuStL7PT43tctzUOVpoSaFLQRSsPF9nxeuEmbygBTSj30zjv5fHs4++E1Q3NQ6TgGCAKQQAyunn6WkJxoTZphWA5Cs2UkjS0kiiUVN0ZGs2TVISYiQrGMsHRUlAOGUhpI6WKLiuzz2erLMaQxRyxoYgwR56vTHWqjNaSUs0jNLl3J0ms0kCjOrloGqJWmoawo015g3fPaqxCWzOd7hjqoNawSdDwtdMbzGQj3k1CAEACaE0DAAAAABAAIGJNAmgABNBhtimycgBSAJm5JGhJhKpE475Vhh14s4KpqRpZjWZcfc8fbN9dOee7QyVSITQgKw8j2PJ6c0qneQECYe8mcenheb6/kd8Np2Ok8GJg2CpMAIGgraOhrJ1pG7y5jKZVlXnpSoIAFshJThlK5IKQCqk3KMmiWr1lKnUNsBSU5CkqRNNQoNO/wAt5vpqKzaeQuzlFTlknRMlVGqSHq1xNJjTW9JeKejnVVKq4cFuApoHcdRD2iM1rA7yzOh4sqdbXE0CJ2krXlE3WDN1hY8tBfbE4E0CaBMEmhgAAACAJQaAASaAAEwU0hKkZ3h0WJNAAKaCJuRJoSqQmlWE3Cc+fTlZlLFSYTGil9Pby/U57NMrlc3EKWqSaSPF97yd4wEdMoaENHvNHHpw/O/QeD2zRL1KAzG5qGMBpjE4HLXTWaWtJcp52ruc5u6zdUS6qIKFRIOooEhKVKoqwQyRVDqo0VkO1ZFDoJaNIViBpghsTYb9nm1L6ByaZvSYbREsqlEppHVrLxdF4y9k4uWhQXJdck9UVnUSUSixA9M6NDpmMq3zC8EdM4UaxmxVpquDsiFpmUstbLiaFGsHtvPSUTBJggBKpGDBNAAAAhgmgFUiGCTBJgkw5uiAoCwQCGhTUkpoQwSZWeW2KRntlZnnrBE3KyqSz6fm6ZvqUlz3ogJmpFNYsxl52HXHSprUBAAHvJrj05fnPqPmOuWg1ljIKQNqoTAYiHU2taWLKrAyuy5yWsENg6jRQqRsmKvGi0qqROJL0rB6JGs6LEUhlk1NImlTBAxFJhJYKqQhEa9nndMu0aqWtY683GO5LxPpqIUMe/PFdM87HKszHRhPdxVLJDSAOjHphZ9AZPZEXElkIsz0AqiNsdJdBIYkQNpGXVNelrjvKgBDQgATQNMAQ0AACYCAGmhJgkwQwSYLDo562VSgmCTBTSIVySACAnPVWc82rMFc1E2jJXMszcy+j0eV6vPZUkomieTs47nl83u5+3PDq8/tsbCUGj3kPj0n5j6n5fpmVU6yMYmmFS4YwYEpcaF08iJHZM7QMGKhLbzB0mJoGSFEOGtJFc1YFSakRW0yDFoc70m5kpU3IUTSCBUFwOXTFEbac+y9ndyb404TzpF0ZVszl3uSMkJdZI2zpEvfReFdgnnLt56msnW+nL0wTuzmfRJzvdGVEnRONDJ0MnYavLWGqhUxpLFXV0x0ZsXlB0HM63XOzdTYmAJggAAAAQ0AAhoE0AIAAx2RJnpQAIaRJhKpEFSJNACMY6MdTLPfFJVTRnojKbmWfT83TOvUQue6QxcHoebc8VD68/MOvh3O6s9JQaj/2gAMAwEAAhEDEQAAIQQ1BhtkKFBlVcePiXwS4L+gNdwf7YmiDfCj8FamJR7ssbIlLgRT1FKVFiqXvAOfe/Iga3QysXkdYEnT9yy+gEPLDHMLOujL2jLUaNotFjFhgXaCnQ4TZK5JjfFY4DJc1FTcqicZiiS0yDNFzHT9H1qVGKPwsAOeYqQPhXT8lzb5wgD/AAimCQBzjTAQASJxe/XjQkWCp6xJQZEOgKg+HpyJbXCfn73hy4+YvUUtZ1/qit4KFKg4FCHqlYCi0qQDT0IFTpUEiGe1jCUKIqSxjBzAwhyCRJR+i+NpT7Eh57VxRYPGoLle2OgqB8BcX41nblAd4M3G0szVtjHhdT0p2QXSG0rYSoiAnWgFT4XGfmWZk14ZhxSSAgBRSikI9XtCcdNZio7ix5dR74OipsFb36j5HoQPOFsX7UefHKxUWVubMQFmbS8jkRkM0cBQmYLiEmJABsGANgIyNZKxBqwhipaoTSgU4HGkfkLJwpOnxRVXJQMWgv2LmbW5syoWIEcFXN1lj34rh1cfDeBMBnI63SquUsYDRvCHEGNEHJD/AOYYLAUIE1KHuVhGKQapjwTgttNcnUEGmhQhzIYWDMvRqdVQap/G4Wxv55NrcdwzejYsnhlmQPfWKtBVH1rCkdCV8BhDBFTP1+H4GwIQ08j6+UsC+C4hLo1krdAS7IkMabysIpg4P9RL42V6+tuXWBE/AlQrqjSVnrrmkzLlxwKU2Zp5XUfCIECcAEhRFd9xIflQ+K6gYmWeyvQc2CCMnwlnbizoLkjAstiq97nU2hilnKpqHejdUD8jAnEU4paHSJyqgYnYMtSj/gNFzYTIoULcV8BBAFZR3cSX4W6OeqyGM9c4AoY0O8AWqhG6rcOc1UViUWJTMm1BrAFZb+1Q9LVDUW/GIgwDbdSrQUHkv+e3kEdXc1HGkUq3J5JNDUTH/GXWBM03z3f/APfUHEJPFAsBjTcNR37RC2CKBTzLoaulIpJ+/YdkSE30b0O/3J/akvjEy0oI7c3p50OEUekd0AIJnrUMcvwnCmTkw58QXz2+l+QXtiCMGOvwlqp7v98WH4dILfpBBkRMqUi49ag6DnZAVi/K+VQx0IWoe1EJpXnn/jMKUPwf1DPnpPMe8AOSSMvpOyacXMzjlII0cN1WPL5ozyZG9VK8fAnFEfKuHrvyGzlVG8JQtZJRzs2WdS9q+NOSTglAkfTv9unCYL4c4NheqAMc4IIoKbegCQ0KuosgAUYdclrRMskeXSqIx4tgRyKBvGbf8VGTmS9uRCdsiJn/AIGYROe1V6VH3vaebKW0UPlcvlHrXMSO36AIdJDx348PmKivc97zzXHVDDlKlLyG/K7jX/8AnytDY0EgZJSJorJ0WBqTtFi2IY1tCBpzNThfHBH7nqi5N9IsY1GrqfUq0Oo5z+0ldxmpase2am6qIQcQw62RZ6eszfmrRXT7AF5Jih4ksBjL7kgTYv1b3/RoyeHr1JxZn1vFAx0aYCop8Gs4U5pTLW4D6IBRy/4/HCAkwi7JSSuo00wkGu6cOkMHF5ZN9frvfGlhwSF0kx5SfYmFYInInanmDyaHn2pmLkJGzyl0tCIt7qXGOCil2jvu1rYFcc4/wdnCabFwGDx1U8ECmienAajdMZZMVz/95BnUw/PcUYYdaNYuhMDlEtws4ORYiHaKIjGfxfNwbmc2iCXToEzqhCVvUqSis+l2kWADLlqM3H19UcWSmO1HND5QM+flh5JNp91iSKFboscIPy5oueMKZOZUJxCj76YZOvF9j7HAbW823UXK6YbwVbwPk8w+gw4/Boq7uf8A6Q9zuAAKuCj1xOq/Wi+O2x2eXLSRD/gpsU0fLIh71MnDmCyM74MKedV8h502IWVS21DsRdFFltE+BxqTwM7JynsOODtxGq7ZxGi5NJ1jgIezCG6OxsbSE+aQW1bYUfFKfsWaXPivTBNhUNLyD8m6pabGaoqmcxp4nwfEtAPHxM0nD2oR8W3gJQvOXeUifaugSVwBAk63DMKqmcQ5NQ0VfgbX475ZdVOeEXzcXz55b4QZwaOE1OWj8mBljYZU3lu87d0LuoccTMlIRpY6c4OkF7YzYAyoBCa0ZX2tojsMm97tnzg4/cvZcAddrmHiUYdX2LVadR5MBJdHMpXqHzF60kwnlG2ilmPM6mKQrUeep3P1pK/IVdH6plS8SZhn3HK9SfQ1eZS8W0qggUcHl6Rc9EQzntJKDWQWHbcGWsWTWbqZEitXtB1n2qtnzTyxZM94qeeVwcQcn/RGd6LRme+J5Dvem6PO2M6C1n4I+4Vanfl9wZqC4qlzfyd8uzNmJj6SWObXVNieZe2ipEjm/wAC1AMJP0DoCNS212vcMu5D3QC/l7BOSlIlCedz+UOBXRlE31eT+s2+OF+hloKyZnGe/D3l7aN2XxuvD8gHm010Q2VHWSayAZLioIk1amK9koU9JyByDgXS10ctOl+g/IFItBuw6yQq9aPnCFP00OONkXFfuCxqWh1HtEAzQiNl12EVIjCE0XFUmEzTm/K10ixvGma1ck/39yBUMqEJBOzP9yG+zMheQc+j2u8HjZGn8WHI5OmlH3OY+Epd4vSCKJymuvij5UVE0nkVZaqwdxEHX1kiiV/ZpeXwIZKkk9po4wkny1brDJQQnU0VkxNCU+yGi+OPAa0t5YZVsFWsB7mPqpy/14QIQDu9F6lNtSNEXl21EWhf4/EkHG1kHxl2BR0Tx3H6psVkOc3LwkjIjIyhtCimi8PF9sAEmtM8yIB78d6IYgHtekwAGrnJua88PAmDtSNYghHFk0n2EkmVNFS3kY0GXGhSkYj0gRd5F4cMdsjazLe3TDjhPeEcu9/m3nymfsZega/TOhnb/g8qDxB87uIfaw/v2NTRZs3By9q10FF3FlkU+Md+L/PP9UUnRTkWmQhauyUtmmfGfZ4+fNsy5O39iaeqAxuWXtNi5gbB+wRDj7Jd7KPsAKbTPZ2WXNiysvq5Bio1lGWFEm1mmdu+Ug8sNoz1lmzXWCBImRaWuPzJMAMX1JQhbcG1IWt2Qj+plSdD6dJkw39QDDIBEH0MOIgSDxPEyqkgZ4og8F/030nG20G21Xt8vZKI+dHGklDiZhQZI/jV8bf/AC4VvgpUz9uNt17I67A5ZbXnkOGRLVpHNsuy2hVX82XceBe7kn68q48K3U2i3lNVNRtpFJ1PZnyWo2MPzARFQk4JN2lKixPlQmEsGuAm0Bx/pE2nUMvmjsXAqhdEhKpLeyCTBhprrxNTVgMnTwROwUtrNEFWDI3BBgwsAxFLJzfyekKXDG0JlZUYF+GlY9GBVTXHb0FliNAxg+XVs9aLQHIipTRoPEik0F0lhol/bk8ICtMrwEyXYNSpvAfGsaWs7Q9pwJFnDxNOSe2iWLupZZ5IoEwapa5JssFf4oA/N1fsTpAV1pmczYe5LwxvQ46soCz5JZR+hm7VzuvnzYdGFew5ELp7qhdUdMDtdV1z/wDRW+5qgONFtWTKCnGJJNlwrdxm6tKVslHKF4g5IbUGktGahLBVdDh09mshJmRYR2wB01fMV1NW02Bff1AkddWawtBvyHfySYc57dzmiNGFbzRPM7Qf26RRCCANoPuMhPOPdmmbG3HoZJ0hZuNDdU8/eHJCrnT7aKXKMZVXtdvxd+7o4wQf577RW4uHb97CE+Z0ScaOjmKGGWlSW6LjY1gC2/tiApqu2zfikqOWGnNh45WbiH3Vw3VcYQXlTb1OJh9N72g1yuLUMlzSKDdvM16cm2+lAymc2kh6VQLAhoJCMTs0Bov/AJoCKirj4t8RUGXGCIO3CtDebTpZ0Ud9M/k0ua8UzjobozNeWxB/sA0/qkC1qxyt6OvROsU+m1+5M7Uz9UMJ6qbgwh/AnxPsjp+EWjdWl6okWPeC1zPmOCuaRBoWWHccvB00EgwCU165jWPOtdXP0MnohhDHnO2wmyZOUYWo9i5FpiQSZbSRI4pCzaUKUwsuGTx3VJZMC0pgsDeWXb9cGi7IXrTFEOcjy1WHWDmRxIuytLMlw6J00Tc/rEhsEPjnZLTeJcIAkzNJkWSi6vLQdqnwxTlI2ceF8flEViLYXRlBuwqnrWLZ5cAHs1bB5J5qRrjB55jSSOkBBaPVKqsn2EGc8E+xCGnIRrhq78RSfdCfaCg68+/Fnc7xdKOKD2TUG18smVEDunDdZp8baRAP9KcGCV5Vv8kOk1rvsVCaz9e0CouLNElozd9WllieDuvqCLj8cIOgm/yClLnsVbizg4zy7fbE6dgEVncZrEujtQXBs3R885fcHdsb89BOd7YSel0DgofmetTtA29K7eJoC7pgENSRUdtoBQQNu/ajzRPy4FMAqV1mVXcPLvojvbAUmf8Ah1Zx6pJybIFdRGDQDN+nn3wTknsShep81h4fRTXN2IYZMyEkaoZX5m4d9R1BvsKXewuY3GrkT8OTxAga0FChnHksEk7sgCVw1p/ceVIf1bPK8SciRqCYzfmH8ziCdydQZBqu++psscrZE7Kihas6a+QpQJZNJ3hY30LFxigLHo8C5vEmPvsxucIIocxo6xvPETFwGpgZ41cOHztEYIOncaDTc7mMLhNtFjulwqRucpSGA60ZTyKWR+GS9J8VwXRt9/gizwqkRUXbLCGrhzFJTGCwdEZ7XYUZ2ler4P0758gzW+QirFYHFPLrMLuMaBBxBgmdF4WG8QuB4cz8Nmu2vZiGHDjZAv2TSIgeq3NBdEmZl3Mk4/zYn9ScG/nkhl/uxO/905HI/wAxcgvoYYGoTKl8Hsjg+I7+WQcxQ4QWc5C/aIx47FnOJTcACMjnAJRv80GRp3qrInx9s5ZTARXsR+VUOFpDy8aW8u0t6ixfjdzL6nLIe1HvAfXEIUmjqO32MdYpALJqWOXizBQ0BQb9U5GKSdvQN/Vj9MwvtTri5xAi99uIg7TPKl90PnZ7u9PCPbfpm3uVBrYzTVpGjE/NIpr/AIwKF4uSO6oKgYYkSLfIboXBWybv9tcEuvy2DGCmu0sc3AcZsoS6VbbmKAYEQkMhCwcFwHQXK6WYgFXyT8w38akGweNdS11+xfcuSjhQc8fcaIUIyfjQlJD9TDcP4KonjUiDlh0kD1BbDlRLCjVr2b+dCxa0T0zV4SkzgvmCYY9ZYSyNMg9zCnuLmfU7ihFZA92ILEGN/wDrLmYeBrVU55PgXSB31OdhCOWrajOITe0skhTBtkliIPQB8exxw15vPQaOUoRSMfJqCdyesY/0HsOdpmfpeFDs2LwOws0pjjfltSQBaLG3L9W35QpJNxKQsfqbXCodebu4R8ch3Dj/AF75yQUjAhNAZrKXUJDYskjjyd02pnBNQELztuqLg9L+G+bHBottjd/x8p48lDgtLIFb10cWbbXVPO4Bqjiyh0OXYPJw/wBdWefyyzqbS29rAV2fQcldCGx30UW0y2n6CecbW2/kj360YlwDQjrRdIN+ef4/tuifH+aKZ/eQ9Xm5EpqtGo26x9OZ6KW/ONZjAEQNGgwyhSP2WAgfcfHQB/lGln8EakmCd1GWSXC4O0npxHVnj60Y+4O9OtMITNT99ukKJrET1mpFjitI7alBVEuJpZGwdSQr7rThUd/j1CSASMP/AIGBnXnddptD1K1/IXhOrbyu99liGtL2nYn2bxOnnnTDkqH/AHCUtJBfqYogQ70Gr3v5553nDg+iXjqquIqYx88+wpWA4gJD4/OcuoS3gaCfTfeVe7Zckn99KtBIejpdI+zfajvDjFGQbXbSHknjmdEQ5opa4ZKrHJIOhlY2j2SqN0oTvRkKVog6EKAjfYwqz/KWLzGHtOJvh8dXTfZew0yodKvrDGT0om+oRTb4ef3yY/62DJ8PdeWiIwXTyMBHOh83T8132jAAnwOePkJr444bKYWnPP31KBuldqrG60CcRlNfbfYYb5DO9aeuFKM4OVcGwDG39VUZxw28+IryPR9QIvHKaeQAGompWYCBnBOHeBA154U3m/B2BAddXGH9+edO1d4I+l+2Whr4aUS/7juBAz6yvfXUna+f4C9z0TzSX2/+Bso9p76S968xbRem/l4QxwnEUcccXBztKPw8nw40oK2VkugsQ37Vixfuec8GKzwVZYUT3iPMGIHbsiMD7UVGva29wx70wbxXBWwh81YvbhsotkQHnCR0/wABO3XkH/50EFX5wsZLozzSxZ9DjebY3amOr6nZj8uGmZjWRpKSzTTqOACyATUZTbP1r/evMu/eCnAYzmXWymK7B5IVIzSQxgCjh5IiieNwjU9CS9nkNAXtIiSeg6QdlFXmnFgnWcumrmdliYhQCAARFHfuSm89EVq1ytuf/Pdc+F1jSDqc8Ix8pZLABCAAxzgCzR5LCyilFjI/FHRcuEeMFRyGusUJneUFEF7sNO/FXWiGDeTLYZ6yyEl6UCj7UNPLEcOvdZ2KlYKyw6ul6qEcFwOhiQADyDzDRCgDyyQFFr5DeemMEZItYAfIXffGl+lO/evfWEdmxVVWQESJbZq1iUwpqLkE+ab7HID4zohIXj1yYLkQmZvuZyPly3xjzSyCxiDYRjgHELUh85faUbXrWewyQkdORsOt9uMee0y3kXxHbOLooZ644EFsjnvEfv8AyAAqy0Kh6dCYLq8Y0xerHbnzpLWjw2uMQgOsU8koiEu4QudiLMH00JW6KKA8wywWXlbHnz1gNplg2SGK+/IMYZUEREiB99/GnJdh1MUE43F9Drz/AD17cIKBAxxXSCtIf4MoicEPKO+uSmdp5EBDGFIOEqjlQHJFNDUSU0VwUWZUklqsnsmNAMFtENZjlL+xdSd+tMIDnNcuCpSb+0nxwPMCLXw9y/Tb9M/v3LdNOJE7x9/jNIMKDLDGOd68/jn+3OP3ObaTXbgssspnsuleFBFiPWppem0eZu/ZuCFNOANfe87+QCiLrTzuo0Y7FfuOSvCnn3GAjWa8ax+82JGDGACMq987/wCKPAhRALadNYsIZrKraLoY4ZzTfD2+BZ/jDCNuhaTgxgzie3c/uOvaR5QIlALqAixx/nz9CQosWPBG0WlFc8BiKJwQAqz5oJ9d1K4hzDEL6YoJAZ4KI5DZI7bx+g0FX65+6W0J5uQTDD4h+GLLs7if/RjYIRVJAcpZdfl5tTo6zrdkX1fu+IqoIiRQqgQOWeXvUxphSxDgQzilG5K6pgzgIoZ2OwXWaTBzNGlWSoRY54zAHysfd405aT9sX7/G5osZAZAetqroaU1zujltZYIoIubH4NXUjxeXSVYZU02ij1mHwm95YZhQLLxg6YDVOeavT/jEipBLgapQy/3cMdsv0DlmKpfUGroQJQXCF6Iu/O8GuXVXjJJ3hTQzpuBAiwCNII21ihGWmHby/wDW3PcIwIcYMo6qOQAcEj2o+k3EQIU84g/XDmuDn34tcgkuXhjBh7LE6S6D/On/AGV04TWVPbbaVQ5WNyslFtPGvl36ztsJpZifQus1rwqKBOMDw+fur96a/oFHNGNAJNBItV3oj0zDZJFFAvTq8CQ+9BT0881p/wCVF35Mes+XFuzEv9uqaabJA3snwykK+9q922nGfOahzC2BGcGN5+cUvC68/BLxRSiH5VBf+8sIjKk+jAedrLrB+BnlsvMO+tOfdsqeF2bWMR12dEFvoZ4etbv591gHqZ6F3fbAD9JRQTRiE3oGn5F/Iyv2+ShDQCAncPcKrOMd7U6vP9/qi45eWlGFT8NM/wDH9pnwjFxOOI4N0spK3eWmuXNDP7cwQ1ki5hBtapd0UQUtEd51EZ5Tt8IwfPuSGeYnAJQYn46PD2jteHpTrmqenrJ6Wp/vDv3dP3kjI4qiZ7INd1tXaKS6ytTzXHlgwYi7XKypyDi40kQs0tirIDVE06VJIVosU2AW50gaWMKS9bYcg3P2T6Y+nv5sHF/bvDWctN75MRX69WQ9ZIk9SpDVRd5b9TbtAEfSLf2xJg8wEWWCqTyAyqa6z19Hgis9IUKqwbXn7ki01j2I++nVzM1BfF9XYLrHnLECjErGMJFG4iQJlEOcRvx5R5ZzFPLrIbzjvKiLg+S2kqAgqu1KGrNtvf5gLh2Qw40odUZ8fWLOYV9ohD1j9icIglR0NVjjXDoFmw2vbHnOTQC1z2FUxB51h8bJR3/hdWxDTBtGOWro8tl760HVdtJdcjvDnB6KsmYeND4jw2beCxG61kpwrM8ehbmPXPVLvtF3WubHef8AgumH+zQk1ZfYfTUPtY62zMdRPaB4QNbyJ6SJkoXgm78w1ZcKqkr5MfZce8pnSqL7KjFDrYLJlasdEHjGsizfo7uSL83Aknyy6JOx/oRRyXaeWbTMrF7exCMIGoVT1IU+KUQV76cf0hbOEojtnnAkCK1TVnqRoQbOaWIECuJQEkarIiTXGKQnypE8Xi1uUZf6/eIORqDgmrdSN8NOjr/jzsAMqSaJLHIm/wCcCYcXoobIsN3yA4OGiwKwYiRCbtjyD4LXEtzjQT2tLCP8JpPidRP/AMrs7xIzvhyIXeGfCMQlxhnvp0wshdTngJkUzUYdQZp91QLSAYIEM29fpP8AfQQDHLlXBbcWA/wNuX5X0IlHBMsRqAxxibebbhIFrO8zz65nDMvFAUfNecf1wwCNMJYw5vfZpMd4vE0wQSvax2LTnDf71Tj8pkGEJF4W/wAR/TKQWV8w11iwbq6ZIfP9614qZP8ASnwRLjnD5k4hUplZoxsW0AAJtc8H4dL9iSMruIrIcwVtcSeFJu7zEknZcEQiCnr/ANeVSODD53eDTysXFDNPKotBLeY3quo2v8L9R8clBXhNjLfRTNKSHPFKcXRcepP99WlncAYYeSwnzc5xv0Nzy0XTgDHuH1bPcQYTXc2SSeghtgkJ6YOFGMBDNSADMSaHCbLVKrYZGqdVah5dYAAEKNGLMQcUfAM852ieqOzQQe103aY85OzXrpjj0CWYWDA4aTRURUeF2GM2lQwZZZNJQNDJDfBKaDAB1xy9puaeYMTSTzZitB53eANOMU448KZaWJEV26aS/f3OlfcmZyO/7lr5ifaWHNcwVZQRbbTJg9Am8z/YUkBRbXjLBNYUHb1185qkOym8mv4nQb4MTrNXfkFXo9/wah06ukC7Wer3sF4LjAXgLRC735ysgdTf1sD2yvVZRZtP/FIjEggtpLVaT6PKBBYUbJc4mVe4xJZhGP1imSwaohPKmFlDm19ulmyZUb/5R+J5l52tEfHJsA8/m50xu+lqpkDw8/mVabbPTXjJQzyw/iL/APeFhxTgBxiQI8d38paKhjinx3Um/wCvLysKpzoSRNdc8EhhFRflBXKG2x0UzECh39Z5JtRZFPEDseJrn3sNBd2LNMvQUdQCvdPHlAIgk0EckC9OfLjQHxsAvc2zdrQkhP0IhM0XoM67iqxlb/OpxmGL/dxnO+mBijwFvWuL6ai47PFdjffUtDHheMORXv8AM1NPbwy1ACNMFvsomB5dHEYZAuAN/wD26cMOejTkMP65QygRZvMm2FRleQKpsUBgVa+t5aZIbBRnEGZ4N129/tdT3593u/PFcVnCh0VNv/HglyggICUhGj19e8+xGDiG2TO7zdI9hOTkST5AqEG93NJXuSTsvVVzC56xADuvUAKJ55XyvM//ANJzoBDcBqDJNzvhBe4iWCnpUxQ2erWQ4o2NG/0in8Qhz6VCeW4kpEXKX2AaASdTbtJfdz0stzx95k5/EMBgV3cO+O6nqqPTjlx58V7Tx/xgkZZYZxCfo0nvAB4K7tcGFqPD6iGr4YchG5cIyWu48YwfTSo/isvXBhVIvZbR5hk11MCf9oRbHg4gbq+EHTWKDDjR/h3hTebEQ/PTCIpmfLljrfMIh0mWixfFq6YWLdLaQN1w+eiXBfkXsYuQTzi8SokdFpGPacl99ZdtZBh23u29gSMciu+ubDnTDwlComNURPTsiE9q5eDBVvYJsILDpDNgW+Goeq9c/N98yiBCOlfah9THxP09hbWNv1JllRD153VXBtpWnKwBoq+yG6Lj9zHHv6IBb+J1d/fKJiSK0Ou33ZfBAAMgQn/CiiswyZZaR5p6rPoUme4nb7TJqjTBn5D1TDBlyVb3kiEn7LQqFgfjZ+6Gc81rHTx53vkHDC1NBL1zC72/73CCSjRBm3Q8FZQI6ieWsxgqBRHSaGShsTT/AKw+xi8aWJheVaQXfXTCVIM2yBw1GCWJmkhqVy1Mw748TfWOqRR8aTaV52Jmi328frhmmiDPI0acfcskJKmjtPV3JAZPGDQ9R+RZu9Z/+b0+0SJNVUG99VOl6HyuAUxLGugroWdH0/V66z/zF6kRfVaRyY3oN/8AuFhK4aNBihPs2RLdWpOYCk15KoYENwqbO3f089WNHhDXLXCwAfYx+wRA+9STh4wig4zAAK7zxJeP/wDPjWs8J2jU5pj9yZoDqDnhqW2w4SoFvZ42SHiscQ/93gQv01daJ5Zympxlmy0E4HDUIAxw3bL9YV5K4WuWSIY0EO5cvMltzTX/AG5uO6TZKEQc6bPA/wDdO8a37b0Qgi8XMh6qm23UOsMq6jMXIHwPaVcs5vZDogFK3myAwSmVHBvHWC6RpCqJx157uDD9lUXP8dMZOUlWgqQj+darFzyM9teDI6QSTC+GWTAB9bxw49S604HU3Q+gkPiZSK0U8W4VS6DQ/wCAc1/ayePCA0gCiZx+uGqevBDDD945Db3tpRZA9D125s9ja7qjvbvC2aUNxeWaX5rACA0drmyRk7fHRfy6TddsbcvbY83EuActBx4as1edst58VqSeSXj7Sbt9R8NdT3ey8Hd7j552ncZvgPa6pw/+GW4BF9EAXPf26qnQmIRuZ4HzsVNUmarXpF736iWNY+N6JpxAMw5+sRxopqCXKWnrD3UgwB9tr36Psw+BrfCRtA57KCqiBfb6XtgVTAEARv8Aymi55GiY3aKeqG/DIwPAVur69Fsk59SJgKFmoFcWc9ZcRcWCa4FE+9zHVcSUdY15isRIcITJHYKr9X50Yew2oOLgtW10LIoV+gC+iKWRNsQxhUJtr67DFQWxpK6sviugoN+tAHRYSGcbc1NS9Q5zyW5PZQVTeSbXQfGaUO13Z3gIOI/x9YS9R/thTT3qCP430Z4ej+C//p+jlYLulIholw70q3kzyuiJ6DGsACBFSCaZk/T4eb/z0Z9NfaYdSXceZNZ0+e5c7UnQUh2/Gjrh9JLTqf8A+9TdZNnQL+Mc7EskLYMxC4b5judKE3f8sC5vv/0b5aO8D9Fmme12P/OsslksXLd8VFfcE3xrJ5slPn0kMPdv3QUY4Nf+LZ0PutwYD0y4tGM8NCpHbJbHhK5pMq3vX2NrmRzzuOHwldujgpeDWg02c1UhHYMVm4cP64IbmUPqpotUl230uqvVSx28v+fIsUmrUaSPlb5c31xnzkk/R5szTpjYa0Q9LFajrAhhRajPEj8e0i25hYBFV0nlU21/364DK6RhZab4roYEGtij1BEGwws0c8uitKURXf4qCIOgHmTy5AA8rPe/yCS3qcwUEJTUuRQuCyul5gfgW0IBVfEMOO1W9GlOlyYJrr76Z7ZKRxh/tFJ3yba0wFUw8LusHajxFDYPMNYdbmF1SgLIh/eOmQz44v5cDR0yEO+ctDOxOqVUArNBia8wkne+3ffl1w4ocZL7qRRbQwhie+0VgwHH9/tPbFWlP8V+NxL8yJn/ACw8pq5zqd7fesqZs1XBqoVIkU3Th38kMA7u752uqNsoIAxhtpBc+w5VeaWuSC6oQIssFn7xZG8kHvNlpuPbFNiF69/Q+U859V7/AE8+k6YYakSAE9ds0+ZTFAAxLmO+HXDigFJF+0GFI3PmRBYROQUPHFJtpggqFKNHENX59VW8wdM+RUhCtz3TmqEAZa4+zSaVQ0SGRTSL5klmpYEAc2MKQSKyQTiZS1MrBuhitMAIH8YJBNPGQDSALOHLturhgOPBLAiz7bQRacyGyYXhi/8AN7RbO3k4umNeelEFT83VltYt9fMG3qfyASxmgWYdy0o5sRb+rwSbbUmc/nTAyEkUixRRFf77s7YDwgDSJlUllk9W07t3nJG1cB1eO2W1QyU/GGE5zI/bCshYr8ymvZKOglQS1X2TCfSUf4O90ACbCRVm3E3hZIus1bBizbpb6LK7bBhxK4kmE33EkaM4Xzw2Fwcj0WlQQX2G/UXJyCE1FQ2ecgqznqAiKQCRUEiqK18VtsG3FcTaBplXlmlGoJJOHAiD4IoZoCL4T13FrmVFkmGs/wDhkM9G+tmaAvp1ZUDhBvRWjhhTby1gxxLfNTNXun4cRIL8f7NWQgk1Rni/ugL5FVp5tIH8ztqGtQyua+CC2s1VE6iRIl9tl7HA2MEdmOWW3nx9/9oACAEBAAEHAv8A0cyT0X/r2QyK/wDX0tI/18f/AD/6OkNiZuF3/rEh/wDo+Q0WJiVf1nj/ANItG0jH+sS0j/6PZX9akN6Jf+jULyP+u8aJC/8ARqI/1y7ar/0ciKHpX9UkPVf+jon7Jyr+sf8A41X/AKOgtJx3f1fjRaIX/o6PjXqOn9JJ/wBRGI+/Bf8ApG+6Opzeo0J/06VknpWi/wDR8dHkRGd29F/TfFaLVC/9HYyU6TJFVqv6WK/fn/6imZM6iPqJM9aQupkiGdS/vl2RPwSxrtxX9GlY+S/+mZJbTybTabTaYs23+9ekuKF/ReOS/wDpsvubFHhQ4mCf+v8AdR0Q/BXFf0MVXcritF/9LxoqxYjYj6VNE8LjpNftO1f9zDRaT5X+fGNj7iX/ANT21ZGNaS6iMTF1kKolCxowv9f3SERMn9J5H27f/VH50z5fUsffGZfjjI9S8bhG7MiMKq/7laREY/2T/pIqu/8A9Wm2kzb98Wuk2prL0akoLJh/7r6TJKVjMf8Acx0RRiJ/r+jhGx//AFjp403rkjvi1hjT2sh/bvRdkNiZEj5Mvhf0SVj/APH/ANYfZ7tcUf2/7qQijGR8mVdv6Jfav/rljW7+7RIZiT7kPAkZEUV+fBfvz/6WekSQlpiMWCzLhHEf50Y2N3/6XekRjZCJ0sBIZlhQ/wA3yfHt/wCl3q2RRCNnTwpa9SS/Ngq7/wDplabT/ZGMwSta9Rksf5kI2ef/AK0/756IWn+xE6Wf6M06JO/zPI+3Zf8Apay9YoUvuasb7oTMeRrv9UqJZNzJfmQVf/fq/NWkY92zbYo6WRMnkX5UVov/AE1EWkPPBeCJP8xL/wBIUV7URFGOPCOkvyWLsJC/9LvghaR8cI6fr8lC7i/+0P8AsnxfCOi/I86RQv8A7Qxf2SGRsxjFqtEP8fwRQhf+mXpFC86JUhi1WiJe9ZfG9EIihf8A2m9LL/rnoiPcx81o+d+8keRIihf/AGrci09N39axIydoswxpEZ7RTT4oX470ihfkX/8ASF7DMubYSySlrDLKJjzqXaP9b4Mn6KJdyMaMHT7zqse2tUuD/D8aJEULnRX4Cf8Ab2Wbiy/eXOTpXLuUS7EYWOLiWdPl3f0tFFFFcK7EfOm39wXc6eNI6t99Vwf4LF/50Qhc0hLR+9PGXX9rZZZYhe8uD1y/FlaZDDpPHZ0/aX9Sy9EZGQXbRStIwLuLsjqZd9EuL/AYh99ERFyQkJFDGP3pQslHaJ/2b4IQvxMnxes12MXl6w+ZH+rgTIkvDI+DpPkjPPaiTsS/Feq0SIrkhCQloxjH7jVnjSWIv+yfBCFwzdS5shmlAw5fUV81okemPGNFEo1ozH51xq5EV/Vw8DKPTNhibxtPJlcxIr8V60UJC5ISEtWMY/e2iZKFjW0T/tULguzGdG/vXsISMeMooyYhonDcSi4jIedF3MePb/U1q+2i0X5aQkIQuKIoiuLGP32rPB5JY6L/ALRC4TpSZtOn+cfYRiVi4ZV30oy4Vtb6fHvbPQSIpL+rZFdzIxSbIaLSP47EhL2UREtW6PUiyc1EY/wXHSULGton/ZLj1S++QjA/uj7COn45/I2es0PqLVYZrG79eLIST/q2QMjMfj8xISK9lEVrk6kl370NGGaqnbY/wWrPA1ZLEJ/2dllnWfLSJHqyPUxYpp8UYH349T5JMlrZ0b+4n2TPqZIXWi6yIuogJp/0y8G22LSOiL/EvTyRQl7KIkVpmzb+yGSybSUr0+o/Uc1/h1pPHY7iJ/2nWLwyPc9CDPpT0Jo3SiRzsWYU0IhKhO+HUeSRIeqlR68/D0s3HR5q3Hqoc7O5HJ/RTmORFl/lRQl7SIiOolURl6TdiFrF2l7K8+01Z4GrJ4qFL+wWvVfHSLI+FrZsTPRR6TKaI5DDnE70k6Jk4EoMa1VEunWzfw6b9l8Mb/X59WZZUqxw7EexGJXOyyyyyy9LLL1sseiRFC9pEdOr/wBdGjwUbStGeptSMWbf25rz7lCZPFZ4L/rULXNHdB6RIfFc70pEJtHrsnkbN56h6sTPJbTp/wDsbH0+NnUKKm1PFeOMJfx+VE8Uo69P4FqiHn+ggVvlo+7ol+RFCXtryktOrlbWjkN2Ja2TltVyyuR0cX3esmLwSy0LK5e9V6ONksbiJ/1i45OmjPvDpVH20y9KHAl07JQcSGRwIdYYu80edZ4ISJfx8GLpIpDxOL4Y/wB/0H6IKhuiKoQ3rZf4TIoivb9UWXafIjNw07k5V2UmIktPJPHurHDoox1lmSMeTcTJT/VWKSXb360liLr+9T49V8UdLBPcdTihCN4umeRNvpssT6rLjI/yBDqcchd9Gj0X30jHcVX56RPgiiiivwvAiKF7M8iiPLJ6KNkVQx9i+3By0wZdp0/3bp6Puf8A88E8hBbiTIvvby3+A1Z4JR3EoOJf9wtVx6n4o6T4s62VtLBHbBay6fHIn/Hkumy4xdblgQ/kokOpxzNifu1+GzGSeko0JfkRRFe1lVMshEU/IsqR08YZUzLDHEyZe1WXrQyHUwj9qdkskYk8+7th7tt/abbIZFVbhIv8KtJ4tL/uHqteq+KOl+JL/syPm0pE+ixSJ/xrHiz4iH8jOJD+SgQ6jHMr2Ov6lr7IzlF30uf1o3+CzcU2Y4UZPx2xIihew5JDyE53pdITFQp+m737jZv+3JjcO2iLGQxRlEWBbmRx40ZPtknuoask9UxR3fh1pKO4lFxE/wC5XDqfCMT24m+kjcr9qUIzJ9BjkT/jJHp58JH+SmiH8jBkc8Jla5snpoyu3Z/GeZ/hNWVTHkSIZLaU/P4z7aIghc5OkWSyaIuy9J9zaYup9IydTjyLSy9YS+0lKzpsLSubt6LyZKKskqY4MwT/AF+JVHkniNwv7Navjn/RldYkumjUffnjhMl/H42T/jZorNhIfyU0R/kcbMuV55nWbcMFhjDc6w4fSjX4U33IYGyUVDaS/FWiIkfZkk+308T6WJk6f7WLIthXFll0XZtYomF0z7F3llbHopD7m5+JQ290yX2tP8VxsuieNSGnEv8AtXotc36MneiKpJfhSwwmdZihjZ0uSGHG8spOTvoun2Ld+HCK03LxkVfiIb0RBC9juxKicdxHHKIsnknK3ozF4Yx6s27dFBsca7PRjltPVHlkLdVSx2VKBPKn+RVHknioUv7Javhm/RBW/wATPl2RMWJZbZ0XT73v/EhMlFtmOKRm8fiPVEV7eXJ+izJ22k8DhQsV9ppKDRJjWnTwuRLuUWMXc2EojiTqKIY2+7ibBwaM2N1+S1ek8W4pxE/7N8Mz7mFfidZByUTPkr7MGF5ZUkoqvxMb7jPUocnL8PxwiiPBCXGULJQo2sUTD/2TlkktxCO0ZkhtHok5EIbB6OVEptkdLtmTsY8XexyN5fa9278uqOzJ4qFL+zeuXyY/H4nkn/HdzDhWJV+M5X+Ih9+ERaLRCQ9M8mqMc9xOfepN0RbMmTZFnS16cSyy9JYIsWCIqWsso5aIejLJZNFpX5lHglisdxE/7F6IyeWQ8L/6C+CI8ERQkMl2Mk95uol2kXv+2b8Rzy3x2dNSTT7G9c5Q3DWlfuyI5MjpkybT15H1LI9afWJ/nVR5JY6L/skXZHwv/oHjjEjwRFCQzqO7ox1acm8kmfbgidOt8ifyZjnt7t2UY5/rizuLCZ5f6QxqK4+TJg/df0NaShZ3X9gzI6izDGkv/oC5RFwiiK0Y+xk7tuMtqkhiyONqxO9cfd83kMmau0I+mJ2PsOYu4+yMeBvu0TxbiWJr+iaPJKFCf9Ytc/fbH+/SG+KIi1RBC0Z1Ev1LJo70RQmXpGO1cmSe1EIbVZYpEq0hi/c32elaS6aEiGVS/oWr0njLr+uXef8A9AfKJEWqIaydJtqWRmTDsxll6pFabqMM5SvV9hTtkppG6yD3PdOVLVI9LcRgo6tUxsx477ksVilKJHMn/Q+BxUhxcS/6uzF4k/75ducRC1RDWcdyqTjj7PLZDAptmaEYaTi4yjGtIY9wsUVwzOiS0m32ikeRaJCXbWxqxQRZY8ribNyuWM+6JHOLv+fWksZf9VLwf6xT0X92hu+SIi4RI65cm1Esd/dORjcqHGiGRQdyyPJk3z6iMe76pswfFcPUQ3vZKV9nBmOS7tPcRiUULRj4WTyd7J9DC9055MZcZK3js2uJHOJ3+f4JQs8f1Mu9Rk7k9Hov7nyN80RFqiAtPBKW53kR2bHNRJfdojq39yUTD8Y6zltRZGNjhKPfLkl4x40myMe7E+G43G7XJkovStM/xNiRtN1DipGxxFmaFJP85xPJKFC/oNr54pf9ja0ei/ufHsIjotEQ16mdKrJSHjscTbJq4dLHbu6Xuryy3Tk4GPxHTIm+3pzl2lCnXqqI8+4yS+4grRVEVfJiJyoej1nG1TwjwvTaW0fbIcKFmaE0/wA7wSx2XX5yjRRKF8um8Ta1f9zH/wA+xEWi0RAQ2Z5NyY+wvuZ3l2zy9KZPPv2rqHtxzMH24rREh+uEYd25RscYxMEfUbZRi8exN6sssvTaOJPFWjimKcI0p4aV+nQsrQmn+bQ1Y1tL/LWliJRTPVkiOdMTTMzqLMCqKFwr+3Q37CELRaIWkmzNKcSP/Yzp1HZ6lyyuMcPeeTJiwSVT6nqpbJQzfbhERI/rVtRV5+vnMc5SItxI55ROm6r1O0vBj8cdookx8FMvSy9M3gw4ozsnDa66VXGS+j2d5z2no7lucBZWhTT/ADpYy/y4yLHkMmb7WKbN1iZllujEUkuwta/tsWK+7wDwIlHbxvRCFotEQ7jZnzrCryZHle7psVR3bkmiOdxhkl0kPUjNdO/K/kfhE65/GMSJH9aSkoK+q6t5u3CDppz8GPwuCWlj7j4Ud0KZeuXwYZJWQlulc50xOyyXRwb3ZHkgbVNW8YpyiRyp/myhuPH5rV9pdGSxSiIcJRLsjJohk0SPSHAa/s4x3dlGlUZdtM/61kReiELiu+nU9UsKMOJ9TkR1HTY73fVRcVk9X4F2dDkpyjCG2zrn3xrrJXMRjI6dfm3T28ccbkjJ4ZHwtVwZLzq9aKFIUiZnfYwdXKPZ5FPvHwtZPsLsZI9zcbLE3EjlT/NcNovzvTjd5O8WeBMgQj2MMNMmOyS/s8EaWknQ5fqfjWTIiEIXHH5Oq6j0Ynyd9QqnCGZr0lwngjD0WdT3zRJvdKTiQ8rSMTr1WR8ughc3LJ4FquDJa+SiitKKobFEyQ9NmORF3FatHpk8VjTQ4FtGxSO8SOZP8yUBP89qz6dEMTTIEVWuZD/scUdzESMuRxJ9jzqyJFERC4wP5CRj+UTq4OZ1WVTlWuNzcUmzPP720RMMHJpRx1p/K/5OKi5OsOL0o7cnjiuDKNnKtLGxscNrOkyeVelllWOJLENGPp5NOUpqPaeH994kcy/HlNR4ONneP9AjF51boyMf9jhXZjgbqozQXy8NavtpF6IQuMTq5XI6XBUoSz9Y8kWtIxcnUcC9Rxg99PK+zOpl9z06XopZe+PHHGq0/ll96fDoum9NbpT3S25P0MU09UP3JRsl2GzyRwG2i2hZDcWXomZMKfeEfTLsfRqPecnA9PerpxFmE7/E6n5GHLXZdRJOtXChS/ORFmPKeojLlsf9ljdIs8jVi76zloiIhC4ydIwY/VyN+pfq5dOmhukYYLFDdCe9ZZ4lUEszMycptdL/ABqj916bldUfy0LUJEhRsjtj3+tk0YIKETN1cfEXLKR6dFVqxvjXOUVIXTkUlo9KKoWRoWQg7JdRt7fUkZXExvWfSxk90/UibVkV7KFmaIzUvwuqj4cFbFhXnhKFnj85MUi9X/YMxyb7KG5kopHd2KNaPVqiBEQuETqZVBnTY3ks6nL3nAw4Hk75JQww25MjyO+lnW9YPgjK+5/HfLI3pR1+NrbkzfyTar15Sjs9I9E9JGxFHk2Ix5XHsneu4vjPqIxMmeUyS0vjRXCtGihJqF58L2KUMqZGTiY3aLLL0rveeNSLHjFklEjkUvwKMeFQ5tDi0KV/m2J6v+whGxVFDdfdHKmTmq4SIEyKEIXCJ177ViShsxwxxnOcsWH1ZRfUdRX2rE3FzMMGeCT8v+M77zqf5HHh7ZP5PNM3ZchHAekl7C0xPsi+U+qUSeaU9WhorRIo2G02G0cRrVohG2McjqOmT7/cjBLtW4ssvTJj3Di4m0312lBGOMqKf5EoG785PV/1q0xG8yTtkvKXHGUIQuMDqW3Mjhtb+k+3fPPm9SaMeKpSl1GRVsKvY5HUZljVLqpqLgsdmLpUuL1rhDDx8E+rSJ5XPlJaUJG0rRooocRxK0qhZLQ2TdnpFG4WQ3m4sslFk00YP2NJi7aONjj+O1ZTiJ3+e/6+MbJSS7Sj2Mfl8JvSKpaoXFdkdPK8mQktz2RubUEo4Nzx3nlcsPZyToXUNdpdW0iTvudCrbb4PlHA2Rio8H2MnVolNz9hjQhLi1pQ0OI1q1Z6LJLSijwLIbxSMstrZGe56LhY0bfx3AjL8xav+uR4HbMf74TIrghccrqLOh75r6yTi1HHk2SuOOWVswSWOLebP6hj6fdjeTJgWeN5Iu69KQsDOjVWS0el8IYWyMFHhJqJPrCUnL2a0YuVFatDQ0VpejRRWlFGJOTM3bu6Z6m0Ujcbiy9WV+NKFnj8xaMfK9LLLLL/AKG9ca7cPLFwQuEfJ1sqgYUsGO4pydQ6a2ZcuyGzu6UumdmO4QcfVl4G9On/AGS0fCOJyI4ox4SkoE+sG79u9GhezWjQ0NDRWlG3Rm0aMd2j9Vn6WPnZRGXY3m43Flll62X+K40KX5a0fFlMpjZf9M2RfY3o9SJR4FqhC4QM8fUnCHXZN0kdLFVunn3sx9P/ALUkPVjGdP8AsaHoyOJyI41HhOcYE+rbG75vk2X7NavRoa50UUY+0kZEZWPSzebzcWXreu8v8SUS/wACitK5pljG0bzebzcRluJujz+FaLRaLLOx2LRZaLNxuNxuNxZZfOWi0WiFwh4Mmasp1qpwWLHLJaw46ktXo9Hpg8MbGRg5EcSiXrPJGBPq2x+y+bF7LQ0Xqxorg9WMjmce2SW42lDiOOm43Flllm4sssWQUk/w2rKrhZZZZel/gLRrnXCyyzcbjcbjcbiyxe5WlaUUUUUUVyyaLRCELg+yJxSj6nWT3TvpJbVanvzSY9Xo9MHhmyxY0taJ5owMnUykP23zvihcWPgx67RxNpZY+NDKHAos3Fl6WWWWWLI0LIn+HXu2b0b0epE9RHqI9VHqnqG83m4Uix8q0ooooooo2lFFcI/loylixsWEce9R76LSKsjDaZ5VBiXqwww66H3OUbl9vSpqTGXrLWONyMeLZwyZ4wJ9TKWr9t8nyQnykuDGUKIojiOI4DhzZRQ0NFabiy+cZtCy6LSzfE9SJ6sT1oHrQPXgevE9dHro9c9Y9U9U9U9Vnqs9Rnqs3s3s3s3PSiivdWlFFfhr8d6LReUSi5EMaWjIeZOItIY9wlRM66VROn+2MX1U7lKK6naksE5yvRjGMjByIYEuE+pjEydRKf5V6xYuLGuDQhUJDiUUOI4jQ9WPhWlDiUOe09eJ66PqBdSfUn1TPqWfUsnllIooo2m0oorSudfh2XxQuT/AX4jzRPXR6xF7j6fIz6aY8MjD08V30vTF8RfsRHGR0mdZ90lHJ0143FEOjb7wg4yerYouRHAlwn1MYmTLKf5CK1rVC5SXCfgghLRlatEokojRWrGhcs3nnZZZft2WWIf5SEIoor8JcKKKKKKKKKKKK1b2oluyH07RCG6SWLpseM3I3WMgt33Y/wDxQ9MvxZFUkQxuTZGCjpHR+TGt+WUs2773hjduc7Okk5XpTZHDq+xPqkieSU/y7Exll6WJifF6MRNfaY/1pHqsTbVFaNDKGiUSSHq9WuHUruuNFG0o2m02m0or2kP8pIWiZIZRRRRRtNptKKKXNaWWWXpZZell8vI3RlyWdH80IrSX3PaVJtHpzZLp5EcaJQUVaiYv9ixi0m6TcHtijq5Vtx6dF5kLHq3RPqiUnL8OvcvhZYmJl6Nj1RL4mPTqVU5EcjiQ/kcsSP8AKxIdZhmOJRRJEsY1yZZenV+Y8r4WWX7kSXCimUyjabTaUUVw7HY7HbSy9bELk/asssssXs1wrkoSzS2/8PlMH8ZPG7+nZ6A+mI45R7xcJCVbdKPSV31Uf+vTH/sXei8kvB1UqgYMndyjFyHhe7bh6D9pJdiclEn1ZJuX4m4cvav2bNxZerEfoxvTGlN5I5+ilBm1mxnoTZHDngR6rqodl15Dq8MxxJQJKmVxorTrP9eda1pRRRRRRRRRtKKEh62WXpZZZZZZfGyyy+URCRQxoY/ZooooooXjlRRRtKOx24WWRjLK9vT4VhSjwn4Yl2Q4Wz4tG5sRvOrn/wBbEyD7ZBaLyZDqGt0F1GFSkyGB1FQgoKieSMCfVMff8RseQbbKO4pimXxvS/YvS+DIiMenpuM/UlK5KMoRQtvyhsl2c47bWbuLKpLCZelxZzJjzdLKsDcsUJZl3jo0Vy6v/TnZZZZZfOyyyyxEiyy9L5UUUUUUUUUUUUbSiiiKLEJG0aGivYssssssv2K40UbTaURxvI6w4ViVLzxzP7JaN92eZCfkS22OjqfixRF/uLSJPyZemeWRjxRxqiU1EydS3+NKVHeZ6GjhRRKGikJ+ynouF6NllliYiPl6Y5/e4x75WSvfERj8E4Vlg0/hix7t+PHjhNvCfyDxyW3pf8OMzr4DQy9KK16tfbH8hEvJRWlcK5WjcjcbjcbjcbjdwQhIQkT7klY1rRRRRXtLnRRXCzcQTm6xY1jVSkoowz3T45vjovMyU1uHKj1Dc2Zvgxi8y0QmPvpKagT6psff8ac/1HFXeLJMx467y7lG0ekGLlZell63wrhEfyenXTcJxePPi6ij0fBBNE5xxoydfAfWZZxlLD1XU9Q6xZs29x6rJj6rC5dF/gRm/wBSSGhoel69V8I/kIfkoooo2m0oo2lc69pEWI3CZYxl6WWWWWWWWWWWXpZuNxuNxvNxuNxuO5bO5306H/Yc9o3uOn+XHN/rp1+Zq4QMcvUxyJLdUsC3M62CWKQyPmRGFiRROcYE+rbPP4V8Zz/WNdzJb7KG1C7kuyFE8Fk/L0RGQn7V8LLLL1iS+T0/k/8AQxxbMWPMRWWJte2R6EFGRgS9FnTweHp2dU54o4U5fUpn8f8A4TP4JDGPSitOp/xrlRRWtFFe2h+eVllllllllllllm4ss3G9HqRPWievA+qgfWYxfyGND/ksbPr4j66I+tR9WfVj6xn1cj6qR9TI+omevM9XIerkN2QvIVM2yFjkbVRt7FcVoxaLRiOk/wBxlnTfLjk8w06//KxGGbTrJOOJEusdtzyzlExSckRhWk8kYGTq5P8ACvm7ZDD+4x/aGxFWxJGXxpLVMjx7aVpRXF8UT+Qj+T8QP42MYwlk+u3Os2b00LqG5J5F2yPAv+gnv9CB1GCeNkcU8OWC6KtmRZ/iPSSJIrh1H+P2LLLNxuRuRvRuRuNxuNxZeqZknXdZLNxuZuZcj7i5H3C3H3FTKkbJHps2HpHonpI9FHoRPRiLDE9GJ6aMmJNUulR9IhdGiPRQIdBjF/H4RdBhPo8J9JiPpcR6GNHpQHiiOCJRGhofHF8ok/LP0PitGLRao6H/AHGPGjBGnxn8oFnXZFN2vBidSTz5nkd4cE8ph6GMNJ5IwMnVyf5T79pUklN0hPsbxabqF27ynuJPtpGDkR6SbF0qQoxRv137mxE5KJHLFm5m83G5aUbRxK4RMvlCP5L4ROk6qMFLHilDJngdVFzyJShCKUcGFfesPbCTyOPTJ/yy/wCqL+r9TFOf8Y/syGf4ssYxj0a0yr/retFaUUUbStdpRtKGUUNFaszr7Tp/hwiMYyJIWkRi4LVeR60JCQkRLEyyyy9GxkhoaGtGitMfyRPyz9cloxaLVHQ+JD0x+eMvnHRdLDMpGXB6ctuPC59sP8dFd127TyxgZerkL/z71l8a1oonIxxPLuT08FnkhioljsWA9KAoxiby7PSbPBjjFoejdZGWZo74tbBRojnyIj1kyPXC6vGRzQYu5b4oy/6iOujuglj/AI6u/SdRCU1HHmk87jKX/eiPymY/hIyQ/wDx3Gb+p6bbmg8MPT/i/GQy/GQv0MYxrSRZL/HLRe1EooooYtHwkZvidP8AHhEejIktYjFo9FrHWJRQkJC0XJ6NFDQ0NDGNoxtbkT8s/XJaMWiHojofEtcfnjkybJnqyZHsjH0N94xUe2TLGBPqpS0mR9uy/dnLaiB6h303EI7jZEstslaI4txPFRCSMjTMWOj1O9ZIWeNLOodTg7IsaqQ8ED6VD6Q+maHjaNptFlmhdZkRgz+pfDL4QtI9WoSkv4p3mZiajkyZXD/s9TqOq20uqyzgoyUMuW5LHhjHf1GKp10WF4Zzhk+LI+EMYx6PSvsnovZQihISKKNpQ0UUUSM3xOm+PCI9GRJaMjotHotVozdXf6qJ9Wj61H15/wAif8iz/kpH/JTP+SyH/IZB/wAhlPr8o+tyn1eQfUZD15nqSNzL4YfnEn5Z+uD0Wj1Q9EdD4lrDjkx70QxWRiok80YE+plLhMXs7i+VFFc1jlPv6aifaWi4m5GKSZjhuPSiL7GSlvZJ7UQy2icSMUSlS0xZbJ49x6/ZP1VZ1DujHMUjqV4eGW6K0ss3HZnpQH0sGS6I6d7XwyeBGSeyLl12Gqyfx3/Up5unyKSnj6bFlxyTm8blu3ZJozdPlyEMDxE8sYO4RceokS8GP4xGMejGiivsn7VaLRCZfB6skZvizpvjwQ9GIloyOi0ei1WuT4m43G43G43G4vSyy+Flllll6YfnEl5Z+vYfJHQeJaw5TzKBPqZS5TYmWWXpZuL41pRXCjazYdtHMVvvOV6MSs2iMf2xtZXZOG8xY6ZlzNsch5EeojB1C2uEMSaHHaQyWbhSGxCdMk90WdK/K42WWZFtkxO9ZeGROo/x5DHCeBI61zZPoskKF0+TY5dLjeKSn1U4yh6i6hbE/Uw42oyn9Q8ccWff1CTMXxQxj1ekO6kvYWqHoi9Fo3wmZvizpvi+CHrElrEYuC1WjM3w4XrZfv4fnEl5Z+vYfJHQfGWsRF6TyxgT6iUvYyC1vlRRXCijtpuYvuP3U8e1GN9zJhsyy2qoK7JRIxPBKVlk5f8AWiOLcrxz29sr+1mbhiZimSW5Ek4ikRZFjYmY5ilUhDFLRPh1K8PDLsLSuzImTvCaU01ij18se+RkcftOpxObxqCyepne/wC2J9ZCQ8vTmTrpSWz+O/zRGYvjoy+DRhXn2VqmWIsUixDYy9GSMvxZ03h8EPT9ESWsRi0ei1XnR+Tbu7fSQPpIH0sD6SB9LjPpsZ9NA+nhpHCmPBE9KJ6UT04n');

CREATE TABLE IF NOT EXISTS `unit` (
  `Uid` int(11) NOT NULL AUTO_INCREMENT,
  `unitName` varchar(100) NOT NULL,
  `price` decimal(10,2) NOT NULL,
  `beds` varchar(50) DEFAULT NULL,
  `sqm` int(11) DEFAULT NULL,
  `floor` varchar(20) DEFAULT NULL,
  `description` text DEFAULT NULL,
  `videoUrl` longtext DEFAULT NULL,
  `colorCode` varchar(20) DEFAULT NULL,
  `status` varchar(50) DEFAULT NULL,
  `address` varchar(255) DEFAULT NULL,
  `maxOccupants` int(11) DEFAULT NULL,
  PRIMARY KEY (`Uid`) USING BTREE
) ENGINE=InnoDB AUTO_INCREMENT=45 DEFAULT CHARSET=utf8mb4 COLLATE=utf8mb4_general_ci;

INSERT INTO `unit` (`Uid`, `unitName`, `price`, `beds`, `sqm`, `floor`, `description`, `videoUrl`, `colorCode`, `status`, `address`, `maxOccupants`) VALUES
	(1, 'Studio 10A', 16500.00, 'Studio', 22, '10F', 'A cozy, fully-furnished studio unit ideal for students and young professionals. Includes a study desk, double bed, and induction cooker.', 'https://commondatastorage.googleapis.com/gtv-videos-bucket/sample/ForBiggerBlazes.mp4', '#1F6FEB', 'active', 'Green Residences, Taft Avenue, Malate, Manila', 2),
	(3, '2BR 15C', 35000.00, '2 BR', 55, '15F', 'Premium two-bedroom corner unit offering stunning views of the Manila Bay sunset. Includes a washer/dryer and built-in wardrobes.', 'https://commondatastorage.googleapis.com/gtv-videos-bucket/sample/ForBiggerEscapes.mp4', '#10B981', 'active', 'Green Residences, Taft Avenue, Malate, Manila', 4),
	(4, 'Studio 18D', 17000.00, 'Studio', 24, '18F', 'High-floor studio unit away from street noise. Comes with an upgraded air-conditioning unit and smart TV.', 'https://commondatastorage.googleapis.com/gtv-videos-bucket/sample/ForBiggerFun.mp4', '#8B5CF6', 'active', 'Green Residences, Taft Avenue, Malate, Manila', 2),
	(5, '1BR 20E', 24000.00, '1 BR', 36, '20F', 'Modern minimalist one-bedroom unit with a private balcony overlooking the city skyline.', 'https://commondatastorage.googleapis.com/gtv-videos-bucket/sample/ForBiggerJoyrides.mp4', '#EF4444', 'active', 'Green Residences, Taft Avenue, Malate, Manila', 3),
	(28, '1BR 12B', 22000.00, '1 BR', 32, '12F', 'Spacious one-bedroom unit featuring a modern kitchen setup, comfortable living area, and excellent natural lighting.', 'https://commondatastorage.googleapis.com/gtv-videos-bucket/sample/ElephantsDream.mp4', '#F59E0B', 'active', 'Green Residences, Taft Avenue, Malate, Manila', 2);

CREATE TABLE IF NOT EXISTS `unit_amenity` (
  `id` int(11) NOT NULL AUTO_INCREMENT,
  `Uid` int(11) NOT NULL,
  `amenityId` int(11) NOT NULL,
  PRIMARY KEY (`id`)
) ENGINE=InnoDB AUTO_INCREMENT=7 DEFAULT CHARSET=utf8mb4 COLLATE=utf8mb4_general_ci;


CREATE TABLE IF NOT EXISTS `unit_image` (
  `id` int(11) NOT NULL AUTO_INCREMENT,
  `Uid` int(11) DEFAULT NULL,
  `imageUrl` longtext NOT NULL,
  `displayOrder` int(11) DEFAULT NULL,
  PRIMARY KEY (`id`) USING BTREE
) ENGINE=InnoDB AUTO_INCREMENT=40 DEFAULT CHARSET=utf8mb4 COLLATE=utf8mb4_general_ci;

INSERT INTO `unit_image` (`id`, `Uid`, `imageUrl`, `displayOrder`) VALUES
	(18, 1, 'https://images.unsplash.com/photo-1522708323590-d24dbb6b0267', 1),
	(19, 1, 'https://images.unsplash.com/photo-1502672260266-1c1de2d9d00c', 2),
	(22, 3, 'https://images.unsplash.com/photo-1560448204-e02f11c3d0e2', 1),
	(23, 3, 'https://images.unsplash.com/photo-1554995207-c18c203602cb', 2),
	(24, 4, 'https://images.unsplash.com/photo-1536376072261-38c75010e6c9', 1),
	(25, 5, 'https://images.unsplash.com/photo-1512918728675-ed5a9ecdebfd', 1),
	(30, 28, 'https://images.unsplash.com/photo-1484154218962-a197022b5858', 0),
	(31, 29, 'https://images.unsplash.com/photo-1484154218962-a197022b5858', 0),
	(32, 30, 'https://images.unsplash.com/photo-1484154218962-a197022b5858', 0),
	(33, 31, 'https://images.unsplash.com/photo-1484154218962-a197022b5858', 0);

/*!40103 SET TIME_ZONE=IFNULL(@OLD_TIME_ZONE, 'system') */;
/*!40101 SET SQL_MODE=IFNULL(@OLD_SQL_MODE, '') */;
/*!40014 SET FOREIGN_KEY_CHECKS=IFNULL(@OLD_FOREIGN_KEY_CHECKS, 1) */;
/*!40101 SET CHARACTER_SET_CLIENT=@OLD_CHARACTER_SET_CLIENT */;
/*!40111 SET SQL_NOTES=IFNULL(@OLD_SQL_NOTES, 1) */;
